payment_id,registration_id,amount,payment_date,payment_status,payment_method
1,1,214,2025-10-02 10:00:38.272654,Failed,Credit Card
2,2,101,2025-10-02 10:03:17.975929,Paid,ACH
3,3,214,2025-10-03 10:03:01.447300,Paid,Check
4,4,124,2025-10-05 10:00:20.806252,Pending,Credit Card
5,5,275,2025-10-06 10:00:25.054597,Paid,Check
6,6,271,2025-10-02 10:01:29.183656,Failed,Credit Card
7,7,124,2025-10-03 10:04:23.237225,Pending,Credit Card
8,8,231,2025-10-06 10:01:40.780955,Pending,Credit Card
9,9,131,2025-10-06 10:01:48.518390,Paid,Check
10,10,226,2025-10-03 10:03:14.048191,Pending,ACH
11,11,251,2025-10-04 10:01:46.230600,Failed,Credit Card
12,12,154,2025-10-02 10:01:15.071245,Pending,Credit Card
13,13,101,2025-10-03 10:00:17.762773,Paid,Credit Card
14,14,160,2025-10-02 10:00:20.179576,Failed,Check
15,15,226,2025-10-02 10:00:40.283238,Failed,Credit Card
16,16,116,2025-10-03 10:04:04.160310,Paid,Credit Card
17,17,276,2025-10-04 10:04:17.472464,Paid,Check
18,18,256,2025-10-06 10:05:17.749326,Paid,Credit Card
19,19,134,2025-10-02 10:01:23.420169,Pending,Credit Card
20,20,171,2025-10-04 10:02:59.976865,Failed,Check
21,21,116,2025-10-03 10:04:09.521246,Pending,Credit Card
22,22,124,2025-10-06 10:02:20.994610,Pending,Credit Card
23,23,275,2025-10-06 10:02:20.905702,Pending,Credit Card
24,24,251,2025-10-03 10:04:20.996598,Pending,Credit Card
25,25,160,2025-10-06 10:01:39.382710,Pending,Check
26,26,256,2025-10-03 10:03:20.112285,Paid,Credit Card
27,27,231,2025-10-04 10:00:06.030806,Paid,ACH
28,28,345,2025-10-05 09:59:42.868466,Paid,Check
29,29,154,2025-10-03 10:03:22.210302,Paid,Check
30,30,134,2025-10-05 10:01:03.941201,Failed,Check
31,31,275,2025-10-03 10:02:16.000275,Pending,ACH
32,32,345,2025-10-04 10:03:00.222881,Pending,Credit Card
33,33,154,2025-10-05 10:01:27.394770,Paid,ACH
34,34,193,2025-10-06 10:02:02.332378,Paid,ACH
35,35,116,2025-10-04 10:01:30.655946,Pending,ACH
36,36,124,2025-10-02 10:03:05.678111,Paid,Check
37,37,271,2025-10-02 10:04:18.143170,Pending,ACH
38,38,160,2025-10-03 10:02:44.023145,Pending,ACH
39,39,275,2025-10-05 10:04:52.297933,Paid,Check
40,40,214,2025-10-04 10:02:18.576559,Paid,Check
41,41,226,2025-10-05 10:02:44.429940,Paid,Check
42,42,101,2025-10-05 10:03:00.341691,Paid,Check
43,43,134,2025-10-04 09:59:47.515987,Pending,Check
44,44,160,2025-10-03 10:01:31.205213,Paid,Check
45,45,276,2025-10-03 10:04:59.472704,Paid,Credit Card
46,46,214,2025-10-06 10:02:19.120945,Pending,ACH
47,47,131,2025-10-06 10:01:53.366951,Failed,Credit Card
48,48,231,2025-10-02 10:02:46.016546,Pending,Check
49,49,171,2025-10-02 10:00:15.523118,Paid,Check
50,50,275,2025-10-06 10:02:46.959688,Pending,Check
51,51,251,2025-10-03 10:04:24.273099,Paid,Check
52,52,193,2025-10-04 10:00:01.154668,Paid,Check
53,53,171,2025-10-06 10:02:01.367543,Paid,Check
54,54,275,2025-10-04 10:01:09.058778,Paid,Credit Card
55,55,275,2025-10-02 10:03:41.500878,Failed,Credit Card
56,56,171,2025-10-06 10:01:41.698189,Pending,Credit Card
57,57,154,2025-10-06 10:04:31.815261,Pending,ACH
58,58,234,2025-10-05 10:02:43.562776,Pending,Check
59,59,124,2025-10-03 10:02:40.796974,Pending,Credit Card
60,60,234,2025-10-04 10:00:18.614934,Failed,Credit Card
61,61,193,2025-10-02 10:00:00.959440,Failed,Credit Card
62,62,101,2025-10-05 09:59:32.271882,Paid,Credit Card
63,63,160,2025-10-05 10:01:17.576960,Paid,Credit Card
64,64,131,2025-10-06 10:01:57.138007,Failed,ACH
65,65,134,2025-10-02 10:03:05.166916,Pending,Credit Card
66,66,275,2025-10-02 10:03:38.757005,Failed,Credit Card
67,67,234,2025-10-02 09:59:38.219063,Pending,ACH
68,68,171,2025-10-03 10:04:10.919205,Pending,Credit Card
69,69,108,2025-10-04 10:03:29.926064,Failed,Credit Card
70,70,226,2025-10-02 10:02:17.154376,Failed,Credit Card
71,71,108,2025-10-05 09:59:54.032341,Failed,Check
72,72,271,2025-10-03 10:04:09.413607,Pending,Credit Card
73,73,345,2025-10-05 10:04:48.320016,Pending,Check
74,74,271,2025-10-02 10:00:29.326021,Failed,Check
75,75,131,2025-10-06 09:59:50.402554,Failed,Credit Card
76,76,226,2025-10-03 10:05:08.914601,Pending,Check
77,77,256,2025-10-06 10:04:15.206372,Failed,Credit Card
78,78,101,2025-10-04 10:03:47.449599,Paid,ACH
79,79,154,2025-10-06 09:59:32.495098,Failed,Credit Card
80,80,171,2025-10-04 10:02:51.544162,Paid,Credit Card
81,81,131,2025-10-06 09:59:49.751038,Paid,Credit Card
82,82,193,2025-10-02 10:02:07.938022,Failed,Check
83,83,231,2025-10-05 10:03:53.877230,Pending,Credit Card
84,84,251,2025-10-06 10:01:07.619726,Paid,ACH
85,85,234,2025-10-06 10:00:00.704393,Failed,Credit Card
86,86,134,2025-10-06 10:01:32.803332,Failed,Check
87,87,256,2025-10-06 10:04:24.163356,Failed,Check
88,88,193,2025-10-03 10:04:46.891310,Failed,Check
89,89,234,2025-10-03 10:00:37.699966,Failed,ACH
90,90,271,2025-10-06 10:00:03.238201,Pending,Check
91,91,124,2025-10-03 10:03:52.431425,Failed,Credit Card
92,92,251,2025-10-06 10:00:36.004796,Failed,Credit Card
93,93,234,2025-10-02 10:01:03.148468,Failed,Credit Card
94,94,154,2025-10-04 10:05:13.306355,Paid,Credit Card
95,95,226,2025-10-05 10:00:54.633923,Pending,Check
96,96,193,2025-10-02 10:03:04.844349,Pending,ACH
97,97,256,2025-10-06 10:03:55.698099,Failed,Credit Card
98,98,160,2025-10-03 10:04:29.874221,Paid,ACH
99,99,251,2025-10-04 10:04:09.690997,Paid,ACH
100,100,116,2025-10-05 10:04:11.936906,Failed,Check
101,101,271,2025-10-05 10:04:05.137589,Paid,Credit Card
102,102,193,2025-10-03 10:04:58.813346,Pending,ACH
103,103,345,2025-10-04 10:00:48.281751,Paid,Check
104,104,193,2025-10-02 10:01:37.154622,Paid,Check
105,105,154,2025-10-04 10:00:05.749103,Paid,Check
106,106,171,2025-10-03 10:04:15.070416,Failed,Check
107,107,160,2025-10-04 10:00:14.807568,Pending,ACH
108,108,160,2025-10-06 10:02:12.665694,Failed,Check
109,109,256,2025-10-06 10:00:43.635968,Pending,Credit Card
110,110,101,2025-10-06 10:00:00.912985,Failed,Check
111,111,251,2025-10-03 10:03:06.567255,Failed,Check
112,112,256,2025-10-06 10:04:24.589196,Pending,Check
113,113,275,2025-10-04 10:05:10.932273,Paid,Credit Card
114,114,345,2025-10-06 10:02:46.274610,Failed,ACH
115,115,154,2025-10-05 10:04:05.597694,Failed,Credit Card
116,116,124,2025-10-06 10:01:46.359290,Paid,Check
117,117,251,2025-10-03 10:01:37.032861,Paid,Credit Card
118,118,193,2025-10-02 10:02:36.700235,Paid,Check
119,119,226,2025-10-02 10:00:10.046184,Pending,Credit Card
120,120,276,2025-10-04 10:04:28.909056,Paid,ACH
121,121,276,2025-10-03 10:00:23.234526,Paid,Check
122,122,251,2025-10-04 10:04:01.202803,Pending,Credit Card
123,123,226,2025-10-04 10:01:05.730991,Failed,Check
124,124,251,2025-10-03 10:01:40.290796,Pending,Credit Card
125,125,275,2025-10-04 10:02:13.711491,Failed,ACH
126,126,226,2025-10-02 10:04:41.630206,Pending,Check
127,127,171,2025-10-03 10:02:40.036273,Pending,Credit Card
128,128,271,2025-10-06 10:04:13.335580,Pending,ACH
129,129,116,2025-10-06 10:03:33.871403,Failed,Check
130,130,193,2025-10-03 10:01:39.358132,Pending,Check
131,131,271,2025-10-03 10:02:56.813918,Failed,Check
132,132,275,2025-10-05 10:05:25.077132,Pending,ACH
133,133,124,2025-10-03 10:00:52.423169,Paid,ACH
134,134,171,2025-10-04 09:59:52.805722,Failed,ACH
135,135,193,2025-10-04 10:02:28.446428,Paid,ACH
136,136,101,2025-10-03 10:03:56.271676,Paid,ACH
137,137,271,2025-10-02 09:59:53.819444,Pending,ACH
138,138,193,2025-10-05 10:00:51.587374,Pending,Credit Card
139,139,124,2025-10-05 10:02:13.303893,Failed,Check
140,140,171,2025-10-06 10:03:26.286724,Failed,ACH
141,141,134,2025-10-06 10:01:55.565283,Paid,Check
142,142,271,2025-10-05 10:01:43.135493,Failed,ACH
143,143,116,2025-10-03 10:01:44.562389,Pending,Credit Card
144,144,116,2025-10-06 10:02:18.856341,Pending,Credit Card
145,145,101,2025-10-05 09:59:27.574241,Paid,Credit Card
146,146,276,2025-10-05 10:03:32.367281,Paid,ACH
147,147,160,2025-10-05 10:02:15.437227,Paid,Credit Card
148,148,131,2025-10-02 10:02:47.841900,Failed,Check
149,149,193,2025-10-06 10:04:36.136766,Pending,ACH
150,150,256,2025-10-02 10:04:08.747519,Pending,ACH
151,151,193,2025-10-03 09:59:58.021992,Failed,Check
152,152,226,2025-10-06 10:04:52.373126,Failed,ACH
153,153,276,2025-10-03 10:01:49.179467,Failed,Check
154,154,231,2025-10-02 10:01:53.011130,Failed,Credit Card
155,155,131,2025-10-02 10:04:58.504764,Paid,Credit Card
156,156,234,2025-10-06 10:03:37.729255,Paid,ACH
157,157,160,2025-10-03 10:02:20.215861,Failed,ACH
158,158,276,2025-10-06 10:05:12.672270,Pending,Credit Card
159,159,251,2025-10-04 09:59:44.495531,Paid,ACH
160,160,124,2025-10-03 10:01:42.831600,Failed,ACH
161,161,124,2025-10-02 10:04:59.072976,Pending,ACH
162,162,160,2025-10-04 10:02:10.566910,Failed,ACH
163,163,171,2025-10-03 10:03:54.928311,Pending,ACH
164,164,134,2025-10-04 10:01:08.550994,Paid,Check
165,165,154,2025-10-02 10:00:45.404106,Pending,Check
166,166,101,2025-10-04 10:04:59.924493,Failed,ACH
167,167,231,2025-10-05 10:00:13.302348,Pending,Check
168,168,116,2025-10-04 10:01:49.023388,Paid,Check
169,169,226,2025-10-06 10:02:49.420466,Pending,ACH
170,170,275,2025-10-06 10:03:44.963945,Failed,Credit Card
171,171,101,2025-10-05 10:02:19.396326,Pending,ACH
172,172,276,2025-10-06 10:02:02.254349,Pending,Check
173,173,234,2025-10-02 10:02:54.329539,Paid,Credit Card
174,174,251,2025-10-03 10:00:53.022649,Failed,ACH
175,175,214,2025-10-05 10:05:08.846987,Failed,ACH
176,176,134,2025-10-02 10:00:04.278706,Failed,ACH
177,177,193,2025-10-06 10:01:21.890443,Pending,Credit Card
178,178,154,2025-10-05 10:01:38.509631,Failed,ACH
179,179,108,2025-10-03 10:04:02.509487,Pending,Check
180,180,275,2025-10-06 10:02:43.101155,Paid,ACH
181,181,101,2025-10-05 10:00:25.017753,Paid,ACH
182,182,226,2025-10-05 10:03:53.017346,Paid,ACH
183,183,251,2025-10-04 09:59:45.229151,Pending,Credit Card
184,184,271,2025-10-02 10:00:05.435989,Pending,Credit Card
185,185,131,2025-10-03 09:59:52.021210,Failed,Check
186,186,160,2025-10-04 10:04:56.823324,Pending,ACH
187,187,234,2025-10-06 10:01:13.850567,Paid,Credit Card
188,188,193,2025-10-04 10:00:34.054717,Pending,ACH
189,189,124,2025-10-04 10:03:36.769809,Failed,ACH
190,190,231,2025-10-02 10:04:10.239276,Paid,ACH
191,191,226,2025-10-02 10:01:45.982366,Failed,Check
192,192,214,2025-10-04 10:00:18.483835,Pending,Check
193,193,214,2025-10-04 10:05:10.131594,Failed,Check
194,194,171,2025-10-04 10:00:30.915295,Paid,Credit Card
195,195,345,2025-10-06 10:03:31.830383,Failed,Credit Card
196,196,171,2025-10-03 10:04:49.842911,Pending,ACH
197,197,101,2025-10-02 10:04:08.400832,Pending,Check
198,198,171,2025-10-05 10:00:23.394380,Paid,ACH
199,199,231,2025-10-06 10:04:04.772770,Failed,Credit Card
200,200,116,2025-10-05 10:02:11.822180,Pending,Check
201,201,226,2025-10-04 10:01:18.974426,Pending,Credit Card
202,202,193,2025-10-04 10:03:09.108241,Failed,Check
203,203,214,2025-10-03 10:05:01.308839,Pending,ACH
204,204,193,2025-10-03 10:03:52.768213,Pending,Check
205,205,108,2025-10-05 09:59:59.223687,Pending,Credit Card
206,206,101,2025-10-05 10:03:32.335181,Pending,Check
207,207,134,2025-10-06 10:00:11.396658,Failed,Credit Card
208,208,160,2025-10-02 10:01:10.933937,Pending,ACH
209,209,134,2025-10-02 10:02:34.087423,Pending,ACH
210,210,226,2025-10-06 09:59:45.669389,Pending,ACH
211,211,134,2025-10-02 10:02:15.109576,Paid,Credit Card
212,212,214,2025-10-06 10:01:35.353302,Pending,Check
213,213,276,2025-10-06 10:01:16.758503,Failed,ACH
214,214,116,2025-10-06 10:01:02.759576,Failed,Credit Card
215,215,345,2025-10-02 10:00:43.941066,Paid,Check
216,216,193,2025-10-03 10:03:56.418604,Pending,Check
217,217,234,2025-10-06 10:01:32.063794,Pending,Check
218,218,134,2025-10-02 10:01:19.270613,Pending,Check
219,219,226,2025-10-04 10:02:27.862650,Paid,Check
220,220,251,2025-10-04 10:03:28.586083,Pending,Check
221,221,116,2025-10-04 10:03:03.009940,Failed,ACH
222,222,134,2025-10-06 10:04:24.901153,Failed,Credit Card
223,223,131,2025-10-04 10:03:44.687217,Failed,Credit Card
224,224,108,2025-10-04 10:03:38.771350,Paid,ACH
225,225,108,2025-10-05 09:59:39.068123,Pending,Check
226,226,345,2025-10-04 10:01:43.561279,Failed,Check
227,227,154,2025-10-06 10:03:35.201589,Failed,Check
228,228,226,2025-10-02 10:03:57.037691,Pending,Credit Card
229,229,275,2025-10-02 10:05:09.240907,Failed,ACH
230,230,271,2025-10-03 10:03:48.456064,Failed,Check
231,231,131,2025-10-03 10:00:50.163623,Paid,Check
232,232,154,2025-10-05 09:59:52.489970,Pending,ACH
233,233,276,2025-10-02 09:59:33.509077,Pending,Check
234,234,256,2025-10-03 10:00:01.301201,Paid,ACH
235,235,108,2025-10-04 09:59:59.892700,Paid,Credit Card
236,236,226,2025-10-06 10:05:18.287660,Paid,Credit Card
237,237,345,2025-10-04 10:05:07.359774,Pending,ACH
238,238,160,2025-10-03 10:01:04.398326,Pending,Check
239,239,231,2025-10-05 10:02:06.410047,Pending,Check
240,240,345,2025-10-06 10:03:12.230670,Paid,Check
241,241,134,2025-10-05 10:03:49.928008,Paid,Credit Card
242,242,251,2025-10-04 10:01:01.832620,Failed,ACH
243,243,251,2025-10-06 10:04:50.246479,Failed,ACH
244,244,226,2025-10-06 10:03:59.492816,Failed,Credit Card
245,245,131,2025-10-02 10:03:08.918826,Pending,Check
246,246,214,2025-10-05 10:04:49.801196,Failed,ACH
247,247,134,2025-10-04 10:03:34.525030,Paid,Check
248,248,256,2025-10-04 10:04:35.118370,Pending,ACH
249,249,116,2025-10-03 10:02:06.426838,Paid,Credit Card
250,250,275,2025-10-03 10:00:13.763476,Failed,Credit Card
251,251,345,2025-10-02 09:59:29.560885,Paid,Check
252,252,171,2025-10-04 10:02:05.890285,Paid,Check
253,253,231,2025-10-04 10:01:26.714792,Pending,Credit Card
254,254,116,2025-10-02 10:05:23.758075,Paid,ACH
255,255,134,2025-10-03 10:00:18.283694,Paid,Check
256,256,234,2025-10-03 10:00:54.572017,Paid,Credit Card
257,257,256,2025-10-05 10:01:37.107311,Pending,Check
258,258,101,2025-10-06 10:01:58.853189,Failed,Credit Card
259,259,131,2025-10-02 10:02:30.293343,Paid,ACH
260,260,251,2025-10-02 10:00:12.757585,Paid,ACH
261,261,345,2025-10-02 10:05:06.774068,Paid,Credit Card
262,262,154,2025-10-03 10:01:39.609104,Failed,ACH
263,263,214,2025-10-06 10:03:59.004094,Failed,Check
264,264,226,2025-10-02 09:59:37.612955,Paid,Credit Card
265,265,271,2025-10-03 10:03:38.574928,Pending,Credit Card
266,266,276,2025-10-05 09:59:52.134674,Paid,Credit Card
267,267,101,2025-10-06 10:02:43.016777,Paid,Credit Card
268,268,251,2025-10-02 10:02:59.848693,Paid,ACH
269,269,251,2025-10-05 10:00:08.574732,Paid,Credit Card
270,270,256,2025-10-02 10:03:47.153956,Paid,Credit Card
271,271,116,2025-10-02 10:02:00.661657,Pending,Credit Card
272,272,160,2025-10-06 10:03:42.311675,Pending,Check
273,273,124,2025-10-04 10:04:59.836980,Failed,ACH
274,274,275,2025-10-05 10:02:39.286396,Pending,ACH
275,275,134,2025-10-05 10:00:36.998234,Failed,Credit Card
276,276,116,2025-10-03 10:03:12.362200,Paid,ACH
277,277,193,2025-10-03 10:02:21.750996,Failed,ACH
278,278,276,2025-10-06 09:59:31.824022,Paid,Credit Card
279,279,171,2025-10-06 10:04:44.183532,Paid,Credit Card
280,280,234,2025-10-06 10:05:02.634591,Pending,Credit Card
281,281,214,2025-10-04 10:01:43.346208,Pending,ACH
282,282,193,2025-10-05 10:03:52.509476,Paid,Credit Card
283,283,276,2025-10-06 10:01:19.390887,Failed,ACH
284,284,256,2025-10-02 10:02:24.284495,Paid,Check
285,285,131,2025-10-04 10:03:49.004614,Pending,ACH
286,286,275,2025-10-03 10:00:24.952528,Failed,ACH
287,287,256,2025-10-05 10:01:20.962225,Pending,Check
288,288,116,2025-10-04 09:59:51.229164,Paid,Check
289,289,193,2025-10-02 10:00:44.811521,Failed,Credit Card
290,290,234,2025-10-03 10:01:11.544900,Paid,ACH
291,291,345,2025-10-02 10:03:10.248284,Failed,Check
292,292,251,2025-10-03 10:00:52.293286,Paid,ACH
293,293,154,2025-10-04 10:02:11.318137,Failed,Credit Card
294,294,124,2025-10-05 10:00:14.319547,Pending,Check
295,295,131,2025-10-06 10:03:41.870626,Paid,Credit Card
296,296,154,2025-10-03 10:02:42.534792,Failed,Credit Card
297,297,134,2025-10-06 10:04:53.881932,Failed,Credit Card
298,298,131,2025-10-04 10:04:00.754542,Pending,Check
299,299,134,2025-10-03 09:59:41.296984,Failed,Credit Card
300,300,154,2025-10-03 10:03:09.584674,Paid,ACH
301,301,271,2025-10-06 10:03:39.163979,Failed,Check
302,302,134,2025-10-02 10:04:50.576361,Paid,Credit Card
303,303,214,2025-10-02 10:02:12.399047,Pending,ACH
304,304,275,2025-10-04 10:02:10.039364,Failed,Check
305,305,131,2025-10-05 10:00:43.576365,Paid,Check
306,306,226,2025-10-06 10:01:26.903294,Failed,Check
307,307,193,2025-10-05 09:59:56.666563,Paid,Credit Card
308,308,124,2025-10-05 10:02:53.858600,Failed,ACH
309,309,271,2025-10-03 10:04:32.117308,Failed,ACH
310,310,171,2025-10-02 10:05:00.691499,Paid,Credit Card
311,311,108,2025-10-03 10:02:43.910376,Failed,ACH
312,312,193,2025-10-05 10:00:35.350956,Paid,Credit Card
313,313,171,2025-10-06 10:05:00.423471,Pending,ACH
314,314,154,2025-10-02 10:00:42.108742,Paid,Credit Card
315,315,251,2025-10-03 09:59:54.844858,Paid,ACH
316,316,193,2025-10-05 10:00:05.339896,Paid,ACH
317,317,160,2025-10-06 10:05:07.570560,Failed,ACH
318,318,101,2025-10-04 10:03:18.772108,Failed,Check
319,319,275,2025-10-03 10:03:19.271895,Paid,Credit Card
320,320,345,2025-10-04 10:03:34.211300,Failed,Check
321,321,193,2025-10-03 10:00:15.392841,Paid,Credit Card
322,322,124,2025-10-04 10:04:26.102454,Pending,Credit Card
323,323,226,2025-10-06 10:02:47.093886,Pending,ACH
324,324,276,2025-10-06 10:04:30.119326,Pending,Check
325,325,234,2025-10-02 10:03:24.152302,Paid,Check
326,326,131,2025-10-04 10:05:21.016793,Failed,ACH
327,327,154,2025-10-02 10:05:03.537014,Paid,ACH
328,328,226,2025-10-05 10:04:18.628173,Pending,ACH
329,329,226,2025-10-06 10:02:00.287396,Paid,Check
330,330,131,2025-10-03 10:02:24.775013,Pending,ACH
331,331,171,2025-10-03 10:02:28.311246,Paid,Credit Card
332,332,108,2025-10-02 10:03:59.309570,Failed,Credit Card
333,333,256,2025-10-02 10:01:04.942136,Failed,ACH
334,334,193,2025-10-04 10:04:59.783684,Pending,Credit Card
335,335,226,2025-10-04 10:05:04.138577,Pending,Credit Card
336,336,108,2025-10-04 10:02:08.071105,Failed,Credit Card
337,337,160,2025-10-02 10:00:51.194273,Pending,Credit Card
338,338,271,2025-10-02 10:04:54.762093,Paid,Credit Card
339,339,101,2025-10-05 10:04:08.036902,Pending,Credit Card
340,340,108,2025-10-04 09:59:50.861590,Paid,Credit Card
341,341,101,2025-10-04 10:04:24.648271,Paid,Check
342,342,124,2025-10-03 10:01:14.972307,Paid,ACH
343,343,116,2025-10-05 10:03:22.904357,Paid,Credit Card
344,344,116,2025-10-03 10:02:46.391214,Failed,Credit Card
345,345,256,2025-10-04 10:02:32.636196,Paid,Check
346,346,256,2025-10-03 10:00:40.796153,Pending,Credit Card
347,347,134,2025-10-03 10:02:51.005370,Paid,Credit Card
348,348,171,2025-10-04 10:03:08.434855,Failed,ACH
349,349,116,2025-10-03 09:59:50.821452,Pending,Credit Card
350,350,271,2025-10-05 10:00:06.943229,Pending,Credit Card
351,351,193,2025-10-05 10:03:40.592596,Pending,Credit Card
352,352,226,2025-10-04 10:01:38.034985,Paid,Credit Card
353,353,345,2025-10-03 10:01:18.635597,Pending,ACH
354,354,251,2025-10-04 10:03:18.612574,Pending,Check
355,355,101,2025-10-03 10:04:30.856967,Pending,Check
356,356,271,2025-10-02 10:04:40.773097,Failed,Credit Card
357,357,256,2025-10-05 10:04:24.011531,Pending,ACH
358,358,271,2025-10-06 10:00:42.417958,Pending,ACH
359,359,234,2025-10-02 10:03:55.257334,Failed,Credit Card
360,360,214,2025-10-03 10:01:46.388597,Failed,ACH
361,361,226,2025-10-04 09:59:26.285480,Paid,Check
362,362,226,2025-10-03 10:00:07.879901,Pending,Credit Card
363,363,160,2025-10-06 09:59:50.605716,Paid,ACH
364,364,256,2025-10-05 10:00:54.402132,Pending,ACH
365,365,131,2025-10-05 10:03:43.258006,Paid,Credit Card
366,366,234,2025-10-02 10:03:39.372023,Failed,Check
367,367,171,2025-10-04 10:00:35.603696,Failed,Check
368,368,134,2025-10-03 10:04:23.290284,Pending,ACH
369,369,154,2025-10-02 10:01:27.899878,Paid,Check
370,370,124,2025-10-02 10:04:25.306193,Paid,Credit Card
371,371,124,2025-10-06 10:04:05.167481,Paid,Check
372,372,276,2025-10-06 10:02:02.427106,Pending,Check
373,373,271,2025-10-03 10:02:29.547909,Pending,ACH
374,374,271,2025-10-05 10:04:16.910975,Pending,ACH
375,375,154,2025-10-02 09:59:34.244171,Pending,Check
376,376,131,2025-10-02 10:00:17.740496,Failed,Credit Card
377,377,345,2025-10-06 10:01:21.603743,Paid,Check
378,378,160,2025-10-03 10:04:08.446739,Pending,Check
379,379,160,2025-10-06 10:02:02.061952,Paid,Check
380,380,276,2025-10-03 10:04:43.611435,Pending,Check
