registration_id,user_id,program_id,registration_date
1,4,9,2025-10-01 10:00:38.272654
2,5,3,2025-10-01 10:03:17.975929
3,6,9,2025-10-01 10:03:01.447300
4,7,6,2025-10-01 10:00:20.806252
5,7,18,2025-10-01 10:00:25.054597
6,8,4,2025-10-01 10:01:29.183656
7,8,6,2025-10-01 10:04:23.237225
8,10,5,2025-10-01 10:01:40.780955
9,11,17,2025-10-01 10:01:48.518390
10,14,20,2025-10-01 10:03:14.048191
11,14,12,2025-10-01 10:01:46.230600
12,17,16,2025-10-01 10:01:15.071245
13,18,3,2025-10-01 10:00:17.762773
14,18,10,2025-10-01 10:00:20.179576
15,19,20,2025-10-01 10:00:40.283238
16,20,11,2025-10-01 10:04:04.160310
17,20,7,2025-10-01 10:04:17.472464
18,22,15,2025-10-01 10:05:17.749326
19,23,14,2025-10-01 10:01:23.420169
20,24,19,2025-10-01 10:02:59.976865
21,25,11,2025-10-01 10:04:09.521246
22,26,6,2025-10-01 10:02:20.994610
23,26,18,2025-10-01 10:02:20.905702
24,28,12,2025-10-01 10:04:20.996598
25,29,10,2025-10-01 10:01:39.382710
26,29,15,2025-10-01 10:03:20.112285
27,31,5,2025-10-01 10:00:06.030806
28,31,8,2025-10-01 09:59:42.868466
29,32,16,2025-10-01 10:03:22.210302
30,32,14,2025-10-01 10:01:03.941201
31,33,18,2025-10-01 10:02:16.000275
32,33,8,2025-10-01 10:03:00.222881
33,35,16,2025-10-01 10:01:27.394770
34,37,13,2025-10-01 10:02:02.332378
35,37,11,2025-10-01 10:01:30.655946
36,39,6,2025-10-01 10:03:05.678111
37,43,4,2025-10-01 10:04:18.143170
38,43,10,2025-10-01 10:02:44.023145
39,45,18,2025-10-01 10:04:52.297933
40,49,9,2025-10-01 10:02:18.576559
41,51,20,2025-10-01 10:02:44.429940
42,51,3,2025-10-01 10:03:00.341691
43,52,14,2025-10-01 09:59:47.515987
44,53,10,2025-10-01 10:01:31.205213
45,53,7,2025-10-01 10:04:59.472704
46,57,9,2025-10-01 10:02:19.120945
47,57,17,2025-10-01 10:01:53.366951
48,58,5,2025-10-01 10:02:46.016546
49,58,19,2025-10-01 10:00:15.523118
50,59,18,2025-10-01 10:02:46.959688
51,61,12,2025-10-01 10:04:24.273099
52,62,13,2025-10-01 10:00:01.154668
53,62,19,2025-10-01 10:02:01.367543
54,64,18,2025-10-01 10:01:09.058778
55,66,18,2025-10-01 10:03:41.500878
56,66,19,2025-10-01 10:01:41.698189
57,67,16,2025-10-01 10:04:31.815261
58,67,2,2025-10-01 10:02:43.562776
59,68,6,2025-10-01 10:02:40.796974
60,71,2,2025-10-01 10:00:18.614934
61,73,13,2025-10-01 10:00:00.959440
62,73,3,2025-10-01 09:59:32.271882
63,75,10,2025-10-01 10:01:17.576960
64,76,17,2025-10-01 10:01:57.138007
65,77,14,2025-10-01 10:03:05.166916
66,78,18,2025-10-01 10:03:38.757005
67,81,2,2025-10-01 09:59:38.219063
68,83,19,2025-10-01 10:04:10.919205
69,85,1,2025-10-01 10:03:29.926064
70,86,20,2025-10-01 10:02:17.154376
71,88,1,2025-10-01 09:59:54.032341
72,88,4,2025-10-01 10:04:09.413607
73,91,8,2025-10-01 10:04:48.320016
74,91,4,2025-10-01 10:00:29.326021
75,96,17,2025-10-01 09:59:50.402554
76,96,20,2025-10-01 10:05:08.914601
77,99,15,2025-10-01 10:04:15.206372
78,99,3,2025-10-01 10:03:47.449599
79,104,16,2025-10-01 09:59:32.495098
80,106,19,2025-10-01 10:02:51.544162
81,109,17,2025-10-01 09:59:49.751038
82,109,13,2025-10-01 10:02:07.938022
83,110,5,2025-10-01 10:03:53.877230
84,111,12,2025-10-01 10:01:07.619726
85,113,2,2025-10-01 10:00:00.704393
86,114,14,2025-10-01 10:01:32.803332
87,115,15,2025-10-01 10:04:24.163356
88,115,13,2025-10-01 10:04:46.891310
89,117,2,2025-10-01 10:00:37.699966
90,118,4,2025-10-01 10:00:03.238201
91,119,6,2025-10-01 10:03:52.431425
92,119,12,2025-10-01 10:00:36.004796
93,122,2,2025-10-01 10:01:03.148468
94,122,16,2025-10-01 10:05:13.306355
95,125,20,2025-10-01 10:00:54.633923
96,126,13,2025-10-01 10:03:04.844349
97,126,15,2025-10-01 10:03:55.698099
98,128,10,2025-10-01 10:04:29.874221
99,129,12,2025-10-01 10:04:09.690997
100,131,11,2025-10-01 10:04:11.936906
101,131,4,2025-10-01 10:04:05.137589
102,133,13,2025-10-01 10:04:58.813346
103,134,8,2025-10-01 10:00:48.281751
104,134,13,2025-10-01 10:01:37.154622
105,135,16,2025-10-01 10:00:05.749103
106,136,19,2025-10-01 10:04:15.070416
107,136,10,2025-10-01 10:00:14.807568
108,138,10,2025-10-01 10:02:12.665694
109,139,15,2025-10-01 10:00:43.635968
110,139,3,2025-10-01 10:00:00.912985
111,141,12,2025-10-01 10:03:06.567255
112,141,15,2025-10-01 10:04:24.589196
113,146,18,2025-10-01 10:05:10.932273
114,146,8,2025-10-01 10:02:46.274610
115,149,16,2025-10-01 10:04:05.597694
116,149,6,2025-10-01 10:01:46.359290
117,150,12,2025-10-01 10:01:37.032861
118,150,13,2025-10-01 10:02:36.700235
119,153,20,2025-10-01 10:00:10.046184
120,153,7,2025-10-01 10:04:28.909056
121,154,7,2025-10-01 10:00:23.234526
122,157,12,2025-10-01 10:04:01.202803
123,157,20,2025-10-01 10:01:05.730991
124,158,12,2025-10-01 10:01:40.290796
125,160,18,2025-10-01 10:02:13.711491
126,163,20,2025-10-01 10:04:41.630206
127,163,19,2025-10-01 10:02:40.036273
128,166,4,2025-10-01 10:04:13.335580
129,167,11,2025-10-01 10:03:33.871403
130,167,13,2025-10-01 10:01:39.358132
131,169,4,2025-10-01 10:02:56.813918
132,170,18,2025-10-01 10:05:25.077132
133,170,6,2025-10-01 10:00:52.423169
134,172,19,2025-10-01 09:59:52.805722
135,172,13,2025-10-01 10:02:28.446428
136,173,3,2025-10-01 10:03:56.271676
137,174,4,2025-10-01 09:59:53.819444
138,174,13,2025-10-01 10:00:51.587374
139,175,6,2025-10-01 10:02:13.303893
140,175,19,2025-10-01 10:03:26.286724
141,176,14,2025-10-01 10:01:55.565283
142,176,4,2025-10-01 10:01:43.135493
143,178,11,2025-10-01 10:01:44.562389
144,178,11,2025-10-01 10:02:18.856341
145,181,3,2025-10-01 09:59:27.574241
146,183,7,2025-10-01 10:03:32.367281
147,183,10,2025-10-01 10:02:15.437227
148,185,17,2025-10-01 10:02:47.841900
149,186,13,2025-10-01 10:04:36.136766
150,186,15,2025-10-01 10:04:08.747519
151,189,13,2025-10-01 09:59:58.021992
152,189,20,2025-10-01 10:04:52.373126
153,191,7,2025-10-01 10:01:49.179467
154,191,5,2025-10-01 10:01:53.011130
155,192,17,2025-10-01 10:04:58.504764
156,192,2,2025-10-01 10:03:37.729255
157,193,10,2025-10-01 10:02:20.215861
158,193,7,2025-10-01 10:05:12.672270
159,194,12,2025-10-01 09:59:44.495531
160,195,6,2025-10-01 10:01:42.831600
161,195,6,2025-10-01 10:04:59.072976
162,197,10,2025-10-01 10:02:10.566910
163,202,19,2025-10-01 10:03:54.928311
164,202,14,2025-10-01 10:01:08.550994
165,204,16,2025-10-01 10:00:45.404106
166,204,3,2025-10-01 10:04:59.924493
167,207,5,2025-10-01 10:00:13.302348
168,208,11,2025-10-01 10:01:49.023388
169,209,20,2025-10-01 10:02:49.420466
170,210,18,2025-10-01 10:03:44.963945
171,210,3,2025-10-01 10:02:19.396326
172,214,7,2025-10-01 10:02:02.254349
173,214,2,2025-10-01 10:02:54.329539
174,216,12,2025-10-01 10:00:53.022649
175,218,9,2025-10-01 10:05:08.846987
176,220,14,2025-10-01 10:00:04.278706
177,220,13,2025-10-01 10:01:21.890443
178,221,16,2025-10-01 10:01:38.509631
179,222,1,2025-10-01 10:04:02.509487
180,222,18,2025-10-01 10:02:43.101155
181,223,3,2025-10-01 10:00:25.017753
182,228,20,2025-10-01 10:03:53.017346
183,228,12,2025-10-01 09:59:45.229151
184,229,4,2025-10-01 10:00:05.435989
185,229,17,2025-10-01 09:59:52.021210
186,232,10,2025-10-01 10:04:56.823324
187,232,2,2025-10-01 10:01:13.850567
188,234,13,2025-10-01 10:00:34.054717
189,235,6,2025-10-01 10:03:36.769809
190,238,5,2025-10-01 10:04:10.239276
191,239,20,2025-10-01 10:01:45.982366
192,239,9,2025-10-01 10:00:18.483835
193,240,9,2025-10-01 10:05:10.131594
194,241,19,2025-10-01 10:00:30.915295
195,242,8,2025-10-01 10:03:31.830383
196,242,19,2025-10-01 10:04:49.842911
197,244,3,2025-10-01 10:04:08.400832
198,244,19,2025-10-01 10:00:23.394380
199,245,5,2025-10-01 10:04:04.772770
200,245,11,2025-10-01 10:02:11.822180
201,246,20,2025-10-01 10:01:18.974426
202,247,13,2025-10-01 10:03:09.108241
203,248,9,2025-10-01 10:05:01.308839
204,250,13,2025-10-01 10:03:52.768213
205,251,1,2025-10-01 09:59:59.223687
206,253,3,2025-10-01 10:03:32.335181
207,256,14,2025-10-01 10:00:11.396658
208,256,10,2025-10-01 10:01:10.933937
209,257,14,2025-10-01 10:02:34.087423
210,260,20,2025-10-01 09:59:45.669389
211,262,14,2025-10-01 10:02:15.109576
212,262,9,2025-10-01 10:01:35.353302
213,263,7,2025-10-01 10:01:16.758503
214,263,11,2025-10-01 10:01:02.759576
215,264,8,2025-10-01 10:00:43.941066
216,264,13,2025-10-01 10:03:56.418604
217,270,2,2025-10-01 10:01:32.063794
218,270,14,2025-10-01 10:01:19.270613
219,272,20,2025-10-01 10:02:27.862650
220,272,12,2025-10-01 10:03:28.586083
221,274,11,2025-10-01 10:03:03.009940
222,274,14,2025-10-01 10:04:24.901153
223,275,17,2025-10-01 10:03:44.687217
224,275,1,2025-10-01 10:03:38.771350
225,276,1,2025-10-01 09:59:39.068123
226,277,8,2025-10-01 10:01:43.561279
227,279,16,2025-10-01 10:03:35.201589
228,291,20,2025-10-01 10:03:57.037691
229,291,18,2025-10-01 10:05:09.240907
230,292,4,2025-10-01 10:03:48.456064
231,292,17,2025-10-01 10:00:50.163623
232,294,16,2025-10-01 09:59:52.489970
233,296,7,2025-10-01 09:59:33.509077
234,296,15,2025-10-01 10:00:01.301201
235,297,1,2025-10-01 09:59:59.892700
236,297,20,2025-10-01 10:05:18.287660
237,298,8,2025-10-01 10:05:07.359774
238,298,10,2025-10-01 10:01:04.398326
239,300,5,2025-10-01 10:02:06.410047
240,301,8,2025-10-01 10:03:12.230670
241,301,14,2025-10-01 10:03:49.928008
242,302,12,2025-10-01 10:01:01.832620
243,302,12,2025-10-01 10:04:50.246479
244,304,20,2025-10-01 10:03:59.492816
245,305,17,2025-10-01 10:03:08.918826
246,307,9,2025-10-01 10:04:49.801196
247,307,14,2025-10-01 10:03:34.525030
248,309,15,2025-10-01 10:04:35.118370
249,312,11,2025-10-01 10:02:06.426838
250,314,18,2025-10-01 10:00:13.763476
251,316,8,2025-10-01 09:59:29.560885
252,316,19,2025-10-01 10:02:05.890285
253,318,5,2025-10-01 10:01:26.714792
254,318,11,2025-10-01 10:05:23.758075
255,319,14,2025-10-01 10:00:18.283694
256,319,2,2025-10-01 10:00:54.572017
257,321,15,2025-10-01 10:01:37.107311
258,323,3,2025-10-01 10:01:58.853189
259,325,17,2025-10-01 10:02:30.293343
260,327,12,2025-10-01 10:00:12.757585
261,327,8,2025-10-01 10:05:06.774068
262,329,16,2025-10-01 10:01:39.609104
263,330,9,2025-10-01 10:03:59.004094
264,331,20,2025-10-01 09:59:37.612955
265,331,4,2025-10-01 10:03:38.574928
266,333,7,2025-10-01 09:59:52.134674
267,333,3,2025-10-01 10:02:43.016777
268,334,12,2025-10-01 10:02:59.848693
269,334,12,2025-10-01 10:00:08.574732
270,335,15,2025-10-01 10:03:47.153956
271,336,11,2025-10-01 10:02:00.661657
272,337,10,2025-10-01 10:03:42.311675
273,341,6,2025-10-01 10:04:59.836980
274,341,18,2025-10-01 10:02:39.286396
275,346,14,2025-10-01 10:00:36.998234
276,346,11,2025-10-01 10:03:12.362200
277,347,13,2025-10-01 10:02:21.750996
278,347,7,2025-10-01 09:59:31.824022
279,348,19,2025-10-01 10:04:44.183532
280,349,2,2025-10-01 10:05:02.634591
281,349,9,2025-10-01 10:01:43.346208
282,350,13,2025-10-01 10:03:52.509476
283,351,7,2025-10-01 10:01:19.390887
284,351,15,2025-10-01 10:02:24.284495
285,354,17,2025-10-01 10:03:49.004614
286,356,18,2025-10-01 10:00:24.952528
287,356,15,2025-10-01 10:01:20.962225
288,358,11,2025-10-01 09:59:51.229164
289,358,13,2025-10-01 10:00:44.811521
290,359,2,2025-10-01 10:01:11.544900
291,359,8,2025-10-01 10:03:10.248284
292,360,12,2025-10-01 10:00:52.293286
293,360,16,2025-10-01 10:02:11.318137
294,364,6,2025-10-01 10:00:14.319547
295,364,17,2025-10-01 10:03:41.870626
296,365,16,2025-10-01 10:02:42.534792
297,369,14,2025-10-01 10:04:53.881932
298,369,17,2025-10-01 10:04:00.754542
299,371,14,2025-10-01 09:59:41.296984
300,372,16,2025-10-01 10:03:09.584674
301,373,4,2025-10-01 10:03:39.163979
302,373,14,2025-10-01 10:04:50.576361
303,375,9,2025-10-01 10:02:12.399047
304,375,18,2025-10-01 10:02:10.039364
305,377,17,2025-10-01 10:00:43.576365
306,379,20,2025-10-01 10:01:26.903294
307,379,13,2025-10-01 09:59:56.666563
308,384,6,2025-10-01 10:02:53.858600
309,385,4,2025-10-01 10:04:32.117308
310,385,19,2025-10-01 10:05:00.691499
311,387,1,2025-10-01 10:02:43.910376
312,387,13,2025-10-01 10:00:35.350956
313,389,19,2025-10-01 10:05:00.423471
314,390,16,2025-10-01 10:00:42.108742
315,391,12,2025-10-01 09:59:54.844858
316,392,13,2025-10-01 10:00:05.339896
317,394,10,2025-10-01 10:05:07.570560
318,396,3,2025-10-01 10:03:18.772108
319,400,18,2025-10-01 10:03:19.271895
320,402,8,2025-10-01 10:03:34.211300
321,405,13,2025-10-01 10:00:15.392841
322,405,6,2025-10-01 10:04:26.102454
323,406,20,2025-10-01 10:02:47.093886
324,410,7,2025-10-01 10:04:30.119326
325,412,2,2025-10-01 10:03:24.152302
326,413,17,2025-10-01 10:05:21.016793
327,413,16,2025-10-01 10:05:03.537014
328,415,20,2025-10-01 10:04:18.628173
329,415,20,2025-10-01 10:02:00.287396
330,416,17,2025-10-01 10:02:24.775013
331,416,19,2025-10-01 10:02:28.311246
332,421,1,2025-10-01 10:03:59.309570
333,422,15,2025-10-01 10:01:04.942136
334,422,13,2025-10-01 10:04:59.783684
335,423,20,2025-10-01 10:05:04.138577
336,423,1,2025-10-01 10:02:08.071105
337,424,10,2025-10-01 10:00:51.194273
338,424,4,2025-10-01 10:04:54.762093
339,427,3,2025-10-01 10:04:08.036902
340,428,1,2025-10-01 09:59:50.861590
341,428,3,2025-10-01 10:04:24.648271
342,429,6,2025-10-01 10:01:14.972307
343,432,11,2025-10-01 10:03:22.904357
344,434,11,2025-10-01 10:02:46.391214
345,435,15,2025-10-01 10:02:32.636196
346,435,15,2025-10-01 10:00:40.796153
347,436,14,2025-10-01 10:02:51.005370
348,436,19,2025-10-01 10:03:08.434855
349,437,11,2025-10-01 09:59:50.821452
350,440,4,2025-10-01 10:00:06.943229
351,441,13,2025-10-01 10:03:40.592596
352,441,20,2025-10-01 10:01:38.034985
353,445,8,2025-10-01 10:01:18.635597
354,445,12,2025-10-01 10:03:18.612574
355,446,3,2025-10-01 10:04:30.856967
356,448,4,2025-10-01 10:04:40.773097
357,448,15,2025-10-01 10:04:24.011531
358,451,4,2025-10-01 10:00:42.417958
359,451,2,2025-10-01 10:03:55.257334
360,452,9,2025-10-01 10:01:46.388597
361,452,20,2025-10-01 09:59:26.285480
362,457,20,2025-10-01 10:00:07.879901
363,461,10,2025-10-01 09:59:50.605716
364,461,15,2025-10-01 10:00:54.402132
365,462,17,2025-10-01 10:03:43.258006
366,465,2,2025-10-01 10:03:39.372023
367,465,19,2025-10-01 10:00:35.603696
368,467,14,2025-10-01 10:04:23.290284
369,468,16,2025-10-01 10:01:27.899878
370,471,6,2025-10-01 10:04:25.306193
371,473,6,2025-10-01 10:04:05.167481
372,474,7,2025-10-01 10:02:02.427106
373,475,4,2025-10-01 10:02:29.547909
374,486,4,2025-10-01 10:04:16.910975
375,487,16,2025-10-01 09:59:34.244171
376,488,17,2025-10-01 10:00:17.740496
377,490,8,2025-10-01 10:01:21.603743
378,492,10,2025-10-01 10:04:08.446739
379,492,10,2025-10-01 10:02:02.061952
380,497,7,2025-10-01 10:04:43.611435
