schedule_id,program_id,home_team_id,away_team_id,game_date,facility_id,status
1,1,1,8,2026-10-24 21:47:26.528483,3,Scheduled
2,1,1,8,2026-10-31 23:59:21.058772,2,Scheduled
3,1,1,2,2026-10-04 23:10:30.092719,5,Scheduled
4,1,1,6,2026-10-18 19:02:39.700430,2,Scheduled
5,1,1,7,2026-10-19 13:54:29.424414,1,Scheduled
6,1,1,8,2025-10-24 08:29:47.114336,5,Scheduled
7,1,1,5,2025-10-03 05:51:05.147042,2,Scheduled
8,1,1,6,2027-10-14 09:36:22.508263,2,Scheduled
9,1,2,1,2026-10-29 17:27:56.950168,2,Scheduled
10,1,2,10,2025-10-05 00:31:04.848668,4,Scheduled
11,1,2,7,2025-10-21 02:29:25.479309,5,Scheduled
12,1,2,10,2026-10-04 18:41:52.147244,1,Scheduled
13,1,2,1,2027-10-06 23:49:15.361208,1,Scheduled
14,1,2,8,2026-10-05 09:51:22.116677,5,Scheduled
15,1,2,5,2025-10-23 18:14:21.306382,1,Scheduled
16,1,2,6,2026-10-01 08:20:22.600216,5,Scheduled
17,1,3,9,2026-10-10 08:53:53.127411,1,Scheduled
18,1,3,6,2026-10-27 17:06:10.636181,2,Scheduled
19,1,3,8,2026-10-06 21:58:27.339014,2,Scheduled
20,1,3,2,2026-10-13 16:50:28.699307,4,Scheduled
21,1,3,4,2025-10-07 08:15:36.690394,2,Scheduled
22,1,3,6,2027-10-08 14:26:18.068266,1,Scheduled
23,1,3,9,2027-10-19 23:45:06.110775,4,Scheduled
24,1,3,6,2026-10-29 01:18:43.936041,3,Scheduled
25,1,4,8,2027-10-11 05:22:03.205671,1,Scheduled
26,1,4,6,2025-10-25 23:21:42.364064,1,Scheduled
27,1,4,5,2026-10-17 09:46:39.461879,4,Scheduled
28,1,4,10,2026-10-20 04:51:38.181257,5,Scheduled
29,1,4,10,2026-10-16 12:00:29.593491,5,Scheduled
30,1,4,2,2027-10-07 16:17:24.531637,5,Scheduled
31,1,4,6,2025-10-02 23:59:25.067668,5,Scheduled
32,1,4,1,2026-10-20 12:06:30.358168,4,Scheduled
33,1,5,9,2025-10-21 13:22:42.146904,4,Scheduled
34,1,5,8,2026-10-23 02:09:33.965227,1,Scheduled
35,1,5,1,2026-10-28 04:56:32.775414,3,Scheduled
36,1,5,3,2026-10-11 12:44:20.059301,1,Scheduled
37,1,5,2,2026-10-13 10:01:07.925733,5,Scheduled
38,1,5,8,2026-10-01 01:09:31.090914,1,Scheduled
39,1,5,9,2025-10-06 12:39:09.572083,2,Scheduled
40,1,5,4,2026-10-27 14:12:46.280191,5,Scheduled
41,1,6,10,2026-10-23 09:31:56.571165,5,Scheduled
42,1,6,10,2025-10-31 05:48:16.803410,1,Scheduled
43,1,6,5,2025-10-28 15:35:00.231537,3,Scheduled
44,1,6,8,2026-10-11 05:03:36.914336,1,Scheduled
45,1,6,5,2026-10-01 08:53:34.666614,4,Scheduled
46,1,6,4,2026-10-28 19:09:52.497733,5,Scheduled
47,1,6,10,2027-10-06 03:06:44.381656,4,Scheduled
48,1,6,8,2027-10-07 19:24:57.212618,2,Scheduled
49,1,7,4,2025-10-29 03:43:52.547658,4,Scheduled
50,1,7,6,2026-10-20 12:32:16.693241,2,Scheduled
51,1,7,2,2026-10-11 20:52:07.786568,5,Scheduled
52,1,7,6,2025-10-16 02:37:48.022216,1,Scheduled
53,1,7,1,2027-10-31 03:59:04.005505,1,Scheduled
54,1,7,1,2026-10-08 06:31:57.073915,1,Scheduled
55,1,7,3,2026-10-19 02:45:25.169732,1,Scheduled
56,1,7,3,2027-10-17 13:08:51.440801,5,Scheduled
57,1,8,1,2026-10-04 03:29:08.052614,3,Scheduled
58,1,8,7,2025-10-22 22:21:40.305869,4,Scheduled
59,1,8,3,2026-10-04 07:39:18.839021,2,Scheduled
60,1,8,9,2026-10-13 17:10:33.129344,1,Scheduled
61,1,8,3,2026-10-03 11:06:16.659918,5,Scheduled
62,1,8,4,2026-10-07 07:29:05.409168,1,Scheduled
63,1,8,5,2026-10-15 16:37:38.719794,2,Scheduled
64,1,8,9,2027-10-03 07:47:12.590320,3,Scheduled
65,1,9,4,2025-10-09 22:43:06.671495,1,Scheduled
66,1,9,2,2026-10-25 17:11:29.313846,1,Scheduled
67,1,9,2,2027-10-14 15:01:03.502458,2,Scheduled
68,1,9,8,2026-10-06 05:50:30.586817,2,Scheduled
69,1,9,5,2026-10-17 21:02:50.658221,2,Scheduled
70,1,9,2,2026-10-18 23:40:10.802927,5,Scheduled
71,1,9,10,2026-10-19 10:30:25.588484,5,Scheduled
72,1,9,10,2025-10-22 21:01:35.988737,4,Scheduled
73,1,10,9,2027-10-16 07:23:49.218585,3,Scheduled
74,1,10,8,2026-10-03 15:24:59.922551,2,Scheduled
75,1,10,9,2026-10-26 11:27:04.008807,5,Scheduled
76,1,10,5,2025-10-01 19:31:27.369839,3,Scheduled
77,1,10,2,2027-10-20 06:55:27.245906,4,Scheduled
78,1,10,3,2027-10-02 14:26:20.390831,1,Scheduled
79,1,10,6,2025-10-24 12:56:41.378345,3,Scheduled
80,1,10,4,2025-10-12 02:43:48.862821,5,Scheduled
81,2,11,17,2026-10-26 21:08:00.687819,1,Scheduled
82,2,11,19,2027-10-07 11:51:44.777609,2,Scheduled
83,2,11,15,2026-10-10 14:14:40.029098,1,Scheduled
84,2,11,18,2026-10-03 15:33:41.751304,1,Scheduled
85,2,11,15,2026-10-01 00:14:04.967081,2,Scheduled
86,2,11,17,2026-10-02 07:22:10.797370,5,Scheduled
87,2,11,17,2026-10-30 19:25:10.534492,1,Scheduled
88,2,11,13,2026-10-18 06:52:55.421843,2,Scheduled
89,2,12,18,2027-10-31 02:47:44.728644,5,Scheduled
90,2,12,16,2027-10-10 23:38:29.238828,5,Scheduled
91,2,12,15,2026-10-08 18:51:12.569969,2,Scheduled
92,2,12,14,2026-10-24 08:06:52.499728,4,Scheduled
93,2,12,15,2026-10-17 19:47:06.066592,3,Scheduled
94,2,12,13,2026-10-07 21:49:58.257285,5,Scheduled
95,2,12,19,2026-10-22 03:51:58.488152,1,Scheduled
96,2,12,19,2027-10-15 02:31:40.885534,4,Scheduled
97,2,13,16,2026-10-20 14:56:17.065215,2,Scheduled
98,2,13,17,2026-10-25 15:35:19.258456,4,Scheduled
99,2,13,18,2026-10-07 03:46:52.102354,5,Scheduled
100,2,13,12,2026-10-13 17:16:38.432993,4,Scheduled
101,2,13,14,2026-10-20 22:15:49.310854,3,Scheduled
102,2,13,20,2026-10-23 20:54:35.512206,2,Scheduled
103,2,13,17,2026-10-01 13:47:43.693797,5,Scheduled
104,2,13,15,2026-10-08 10:50:08.747639,4,Scheduled
105,2,14,18,2026-10-16 15:44:34.874202,2,Scheduled
106,2,14,11,2027-10-12 01:48:44.553790,5,Scheduled
107,2,14,12,2027-10-09 16:06:31.199650,4,Scheduled
108,2,14,20,2026-10-24 02:18:57.949972,3,Scheduled
109,2,14,18,2026-10-10 08:43:35.811589,4,Scheduled
110,2,14,19,2026-10-19 16:48:53.938767,5,Scheduled
111,2,14,12,2026-10-07 22:51:41.273576,3,Scheduled
112,2,14,12,2026-10-02 23:02:01.319914,1,Scheduled
113,2,15,14,2026-10-20 11:08:35.353745,5,Scheduled
114,2,15,13,2026-10-12 13:23:22.424169,5,Scheduled
115,2,15,12,2026-10-28 21:07:22.530832,4,Scheduled
116,2,15,18,2026-10-15 17:25:39.759775,5,Scheduled
117,2,15,13,2026-10-22 05:24:24.012442,5,Scheduled
118,2,15,14,2026-10-05 19:00:52.877541,3,Scheduled
119,2,15,20,2026-10-11 12:27:10.334644,2,Scheduled
120,2,15,17,2026-10-06 16:30:24.915160,5,Scheduled
121,2,16,15,2026-10-05 17:25:04.174532,1,Scheduled
122,2,16,12,2026-10-27 02:13:22.347437,1,Scheduled
123,2,16,12,2026-10-13 19:11:31.267902,3,Scheduled
124,2,16,13,2026-10-23 09:28:58.998687,3,Scheduled
125,2,16,14,2026-10-25 16:31:30.813480,2,Scheduled
126,2,16,19,2027-10-16 16:09:57.253882,1,Scheduled
127,2,16,17,2026-10-03 18:24:07.326704,4,Scheduled
128,2,16,20,2026-10-12 13:36:09.722029,4,Scheduled
129,2,17,11,2027-10-14 19:50:54.650879,2,Scheduled
130,2,17,18,2026-10-25 19:16:48.267202,2,Scheduled
131,2,17,12,2026-10-12 05:27:50.790632,3,Scheduled
132,2,17,13,2026-10-14 05:22:32.510267,5,Scheduled
133,2,17,19,2026-10-10 15:30:20.843773,5,Scheduled
134,2,17,20,2026-10-13 05:03:11.861827,4,Scheduled
135,2,17,12,2026-10-26 02:14:27.395435,1,Scheduled
136,2,17,11,2026-10-08 22:21:42.339876,1,Scheduled
137,2,18,20,2026-10-02 16:49:18.603926,3,Scheduled
138,2,18,16,2027-10-24 16:23:05.846476,4,Scheduled
139,2,18,13,2026-10-18 21:07:22.572075,2,Scheduled
140,2,18,14,2026-10-22 17:14:57.947894,2,Scheduled
141,2,18,13,2026-10-24 05:38:08.863310,3,Scheduled
142,2,18,16,2026-10-01 07:01:52.650285,4,Scheduled
143,2,18,17,2026-10-12 05:37:36.596219,2,Scheduled
144,2,18,15,2026-10-29 11:50:14.066065,1,Scheduled
145,2,19,12,2026-10-06 01:20:17.055256,2,Scheduled
146,2,19,15,2026-10-08 18:14:57.339688,4,Scheduled
147,2,19,18,2026-10-28 22:22:35.978281,3,Scheduled
148,2,19,13,2026-10-21 04:24:58.836999,2,Scheduled
149,2,19,20,2027-10-11 08:17:18.795443,4,Scheduled
150,2,19,16,2026-10-07 01:23:06.371519,4,Scheduled
151,2,19,13,2026-10-25 05:53:46.177362,3,Scheduled
152,2,19,12,2026-10-10 15:21:58.525518,5,Scheduled
153,2,20,11,2026-10-11 17:09:22.171227,1,Scheduled
154,2,20,14,2026-10-24 09:43:55.046634,2,Scheduled
155,2,20,19,2027-10-03 20:46:07.802077,5,Scheduled
156,2,20,19,2027-10-06 12:53:37.645752,1,Scheduled
157,2,20,19,2026-10-24 05:43:16.158267,5,Scheduled
158,2,20,19,2026-10-29 22:34:59.763975,5,Scheduled
159,2,20,17,2026-10-11 05:54:40.010094,4,Scheduled
160,2,20,15,2027-10-16 11:16:40.599027,2,Scheduled
161,3,21,29,2026-10-17 09:16:46.627708,5,Scheduled
162,3,21,28,2026-10-02 06:36:21.178641,1,Scheduled
163,3,21,22,2027-10-08 03:14:45.217529,2,Scheduled
164,3,21,27,2027-10-25 13:06:12.612397,2,Scheduled
165,3,21,28,2026-10-12 03:38:04.918010,3,Scheduled
166,3,21,27,2026-10-20 06:39:07.524271,5,Scheduled
167,3,21,30,2027-10-24 17:41:32.176368,2,Scheduled
168,3,21,22,2026-10-06 00:27:55.196324,2,Scheduled
169,3,22,28,2027-10-31 02:30:38.773299,2,Scheduled
170,3,22,26,2026-10-18 20:58:21.194589,3,Scheduled
171,3,22,27,2027-10-22 06:41:54.382777,4,Scheduled
172,3,22,21,2027-10-15 10:22:30.523336,2,Scheduled
173,3,22,28,2026-10-16 11:36:53.016032,5,Scheduled
174,3,22,28,2027-10-23 12:59:22.234164,3,Scheduled
175,3,22,21,2026-10-28 04:29:37.597822,5,Scheduled
176,3,22,28,2026-10-19 05:35:54.244595,1,Scheduled
177,3,23,28,2026-10-21 14:44:03.769783,3,Scheduled
178,3,23,24,2026-10-12 05:10:31.501270,5,Scheduled
179,3,23,25,2026-10-24 01:59:23.242896,1,Scheduled
180,3,23,24,2026-10-08 23:10:35.394120,2,Scheduled
181,3,23,25,2027-10-23 18:32:44.870269,5,Scheduled
182,3,23,25,2027-10-18 09:00:39.402996,1,Scheduled
183,3,23,26,2027-10-27 02:13:13.520742,2,Scheduled
184,3,23,24,2027-10-30 09:53:25.067660,2,Scheduled
185,3,24,28,2027-10-11 13:31:51.669389,1,Scheduled
186,3,24,21,2026-10-21 01:39:22.386456,2,Scheduled
187,3,24,22,2027-10-07 16:40:11.668003,4,Scheduled
188,3,24,22,2026-10-29 17:41:50.424551,5,Scheduled
189,3,24,25,2027-10-04 12:18:10.496594,2,Scheduled
190,3,24,23,2026-10-14 16:10:27.353693,5,Scheduled
191,3,24,26,2027-10-06 10:02:11.656788,4,Scheduled
192,3,24,26,2026-10-15 08:10:26.356914,4,Scheduled
193,3,25,30,2026-10-20 13:37:41.350560,1,Scheduled
194,3,25,22,2026-10-20 01:02:15.001785,2,Scheduled
195,3,25,27,2027-10-13 09:23:11.177419,5,Scheduled
196,3,25,23,2026-10-14 03:22:12.136922,2,Scheduled
197,3,25,29,2026-10-29 14:00:32.314770,4,Scheduled
198,3,25,23,2027-10-06 08:24:42.225726,5,Scheduled
199,3,25,26,2027-10-24 22:54:05.016510,2,Scheduled
200,3,25,27,2027-10-21 07:36:08.245112,5,Scheduled
201,3,26,21,2027-10-03 08:41:08.205218,5,Scheduled
202,3,26,24,2027-10-24 02:25:44.080062,1,Scheduled
203,3,26,29,2027-10-27 04:41:17.823756,5,Scheduled
204,3,26,28,2027-10-29 14:24:56.522353,5,Scheduled
205,3,26,22,2026-10-19 07:32:58.147388,4,Scheduled
206,3,26,24,2026-10-15 16:08:49.982554,3,Scheduled
207,3,26,27,2026-10-02 17:22:19.265735,2,Scheduled
208,3,26,30,2026-10-20 13:27:10.004680,3,Scheduled
209,3,27,21,2026-10-27 19:34:56.297297,3,Scheduled
210,3,27,24,2027-10-04 10:39:25.011630,5,Scheduled
211,3,27,30,2026-10-10 21:37:05.421027,4,Scheduled
212,3,27,25,2026-10-08 18:05:05.409957,3,Scheduled
213,3,27,25,2026-10-10 05:12:16.129273,1,Scheduled
214,3,27,21,2027-10-26 13:49:33.988022,4,Scheduled
215,3,27,28,2027-10-24 22:42:42.869132,3,Scheduled
216,3,27,24,2026-10-02 22:43:37.931228,2,Scheduled
217,3,28,21,2026-10-20 08:44:53.982421,2,Scheduled
218,3,28,30,2026-10-08 07:24:08.716063,1,Scheduled
219,3,28,22,2027-10-20 23:53:06.924223,1,Scheduled
220,3,28,21,2026-10-07 03:56:30.474541,2,Scheduled
221,3,28,29,2027-10-19 01:50:13.504336,5,Scheduled
222,3,28,30,2026-10-18 11:31:26.601336,1,Scheduled
223,3,28,29,2027-10-13 19:21:31.476881,5,Scheduled
224,3,28,30,2027-10-18 10:46:23.410270,3,Scheduled
225,3,29,23,2027-10-03 09:26:56.418699,2,Scheduled
226,3,29,30,2026-10-18 08:00:08.296011,5,Scheduled
227,3,29,28,2026-10-18 01:02:06.541227,1,Scheduled
228,3,29,25,2026-10-08 21:05:24.667035,2,Scheduled
229,3,29,30,2026-10-12 20:33:23.576342,4,Scheduled
230,3,29,23,2026-10-03 01:41:56.539850,3,Scheduled
231,3,29,23,2026-10-16 19:36:11.195319,5,Scheduled
232,3,29,25,2026-10-11 19:00:55.719089,5,Scheduled
233,3,30,21,2027-10-09 20:55:18.308184,3,Scheduled
234,3,30,23,2026-10-21 16:13:29.019133,4,Scheduled
235,3,30,27,2026-10-17 18:00:00.484936,2,Scheduled
236,3,30,27,2027-10-18 12:09:02.040923,1,Scheduled
237,3,30,27,2027-10-25 08:56:59.971898,2,Scheduled
238,3,30,26,2027-10-25 12:59:56.402059,3,Scheduled
239,3,30,25,2026-10-22 05:14:06.604109,4,Scheduled
240,3,30,22,2027-10-20 00:12:30.398681,2,Scheduled
241,4,31,32,2026-10-01 04:18:26.331021,5,Scheduled
242,4,31,39,2026-10-30 23:41:22.365610,5,Scheduled
243,4,31,40,2027-10-20 11:51:09.977078,5,Scheduled
244,4,31,40,2027-10-02 14:25:29.362428,5,Scheduled
245,4,31,38,2026-10-24 05:06:19.485499,3,Scheduled
246,4,31,33,2027-10-24 09:09:02.605397,3,Scheduled
247,4,31,40,2026-10-17 18:28:01.318400,4,Scheduled
248,4,31,33,2027-10-13 07:05:24.881778,1,Scheduled
249,4,32,33,2026-10-01 21:39:38.001478,5,Scheduled
250,4,32,38,2026-10-07 19:51:05.122895,1,Scheduled
251,4,32,39,2026-10-12 21:17:38.630654,1,Scheduled
252,4,32,37,2026-10-05 22:13:37.826201,2,Scheduled
253,4,32,38,2027-10-31 03:14:02.328413,3,Scheduled
254,4,32,39,2027-10-19 21:56:47.951255,2,Scheduled
255,4,32,39,2027-10-04 08:27:20.166286,4,Scheduled
256,4,32,40,2026-10-07 01:19:22.516891,5,Scheduled
257,4,33,38,2026-10-28 23:36:12.199686,1,Scheduled
258,4,33,35,2026-10-20 23:14:43.735256,5,Scheduled
259,4,33,36,2027-10-10 00:07:12.296138,4,Scheduled
260,4,33,36,2026-10-08 05:15:52.568367,5,Scheduled
261,4,33,32,2026-10-01 13:06:05.606700,4,Scheduled
262,4,33,37,2026-10-07 18:38:32.316636,5,Scheduled
263,4,33,40,2026-10-20 04:02:24.173048,1,Scheduled
264,4,33,32,2027-10-15 22:37:55.399091,4,Scheduled
265,4,34,36,2026-10-07 12:39:31.146817,4,Scheduled
266,4,34,37,2026-10-28 15:00:59.037530,2,Scheduled
267,4,34,35,2027-10-19 23:11:31.712919,4,Scheduled
268,4,34,35,2026-10-24 20:53:40.947673,2,Scheduled
269,4,34,38,2026-10-28 10:42:52.420240,1,Scheduled
270,4,34,37,2026-10-11 12:40:49.203689,2,Scheduled
271,4,34,40,2026-10-07 07:12:45.251771,5,Scheduled
272,4,34,31,2027-10-06 13:06:48.337933,2,Scheduled
273,4,35,31,2027-10-11 23:25:48.420805,2,Scheduled
274,4,35,32,2026-10-21 13:04:38.737376,1,Scheduled
275,4,35,34,2027-10-29 02:48:24.858887,3,Scheduled
276,4,35,32,2027-10-17 09:18:56.056576,2,Scheduled
277,4,35,36,2027-10-07 02:48:41.167389,2,Scheduled
278,4,35,36,2026-10-09 23:37:27.801708,2,Scheduled
279,4,35,39,2026-10-18 16:22:17.198461,4,Scheduled
280,4,35,33,2027-10-01 00:20:06.295640,4,Scheduled
281,4,36,35,2027-10-18 23:13:39.362318,4,Scheduled
282,4,36,35,2026-10-14 11:23:05.416598,3,Scheduled
283,4,36,37,2027-10-15 07:31:20.571027,5,Scheduled
284,4,36,40,2026-10-17 16:44:10.795583,3,Scheduled
285,4,36,38,2026-10-03 18:52:22.369163,2,Scheduled
286,4,36,32,2026-10-03 21:46:46.995519,4,Scheduled
287,4,36,39,2027-10-19 07:56:45.048769,1,Scheduled
288,4,36,39,2026-10-29 10:56:53.908054,5,Scheduled
289,4,37,35,2026-10-29 07:46:10.967630,3,Scheduled
290,4,37,39,2026-10-09 12:00:27.903687,2,Scheduled
291,4,37,36,2026-10-12 07:36:10.824322,2,Scheduled
292,4,37,39,2026-10-29 21:44:18.993936,3,Scheduled
293,4,37,33,2027-10-26 14:53:58.457709,4,Scheduled
294,4,37,35,2027-10-28 15:43:44.373151,4,Scheduled
295,4,37,39,2027-10-07 06:24:24.594046,2,Scheduled
296,4,37,36,2026-10-05 19:41:58.507463,2,Scheduled
297,4,38,39,2026-10-02 21:11:58.424584,4,Scheduled
298,4,38,40,2027-10-10 17:32:21.167520,4,Scheduled
299,4,38,36,2027-10-11 15:20:24.467004,1,Scheduled
300,4,38,33,2026-10-17 03:56:48.508939,1,Scheduled
301,4,38,32,2026-10-03 22:13:05.304357,5,Scheduled
302,4,38,33,2027-10-01 19:55:45.094826,2,Scheduled
303,4,38,32,2026-10-22 19:52:27.775991,3,Scheduled
304,4,38,34,2027-10-06 21:20:11.087812,5,Scheduled
305,4,39,31,2026-10-11 01:21:34.776482,2,Scheduled
306,4,39,32,2026-10-02 23:04:29.195062,2,Scheduled
307,4,39,36,2027-10-14 13:39:59.310390,5,Scheduled
308,4,39,35,2026-10-29 05:56:48.999824,1,Scheduled
309,4,39,36,2026-10-06 02:49:47.697452,1,Scheduled
310,4,39,32,2027-10-15 16:39:44.756957,4,Scheduled
311,4,39,38,2027-10-30 00:28:27.877658,4,Scheduled
312,4,39,38,2026-10-07 16:22:53.767849,2,Scheduled
313,4,40,35,2027-10-12 12:18:42.969371,5,Scheduled
314,4,40,31,2027-10-16 05:29:01.017395,2,Scheduled
315,4,40,33,2026-10-31 11:37:49.048456,4,Scheduled
316,4,40,39,2026-10-18 07:05:41.818549,1,Scheduled
317,4,40,36,2026-10-16 21:57:36.061870,2,Scheduled
318,4,40,35,2027-10-26 09:02:06.013691,2,Scheduled
319,4,40,34,2026-10-28 21:59:29.671729,4,Scheduled
320,4,40,34,2026-10-27 11:20:14.930624,3,Scheduled
321,5,41,46,2024-10-07 13:01:28.279296,2,Scheduled
322,5,41,50,2025-10-21 13:06:43.632420,2,Scheduled
323,5,41,49,2024-10-25 02:26:55.279267,3,Scheduled
324,5,41,46,2024-10-03 02:04:28.918387,2,Scheduled
325,5,41,43,2025-10-20 11:00:27.184444,3,Scheduled
326,5,41,50,2025-10-23 12:06:33.239168,5,Scheduled
327,5,41,48,2026-10-14 06:52:47.235956,1,Scheduled
328,5,41,42,2026-10-08 21:28:02.733104,3,Scheduled
329,5,42,43,2025-10-29 04:18:26.091407,4,Scheduled
330,5,42,46,2025-10-21 23:05:07.973503,4,Scheduled
331,5,42,47,2026-10-28 07:51:49.124550,3,Scheduled
332,5,42,43,2024-10-05 01:53:07.321924,3,Scheduled
333,5,42,44,2026-10-17 14:58:12.501616,1,Scheduled
334,5,42,49,2026-10-27 14:17:05.447019,3,Scheduled
335,5,42,44,2026-10-02 11:09:04.182546,4,Scheduled
336,5,42,41,2025-10-01 11:46:30.950749,4,Scheduled
337,5,43,42,2024-10-28 08:15:41.393608,1,Scheduled
338,5,43,50,2025-10-17 07:40:57.963904,2,Scheduled
339,5,43,41,2025-10-04 03:34:13.034913,2,Scheduled
340,5,43,42,2026-10-27 16:32:52.349855,4,Scheduled
341,5,43,46,2025-10-11 00:45:00.422531,4,Scheduled
342,5,43,41,2026-10-06 23:46:56.807366,4,Scheduled
343,5,43,49,2025-10-09 05:00:01.378303,5,Scheduled
344,5,43,41,2026-10-10 15:57:03.417803,5,Scheduled
345,5,44,45,2025-10-02 22:33:23.257530,5,Scheduled
346,5,44,43,2025-10-13 09:15:19.353759,3,Scheduled
347,5,44,42,2025-10-29 22:24:58.422555,4,Scheduled
348,5,44,41,2025-10-05 23:22:44.298836,4,Scheduled
349,5,44,49,2025-10-19 08:05:05.593123,2,Scheduled
350,5,44,49,2025-10-10 16:15:51.208082,3,Scheduled
351,5,44,47,2026-10-09 05:33:44.121207,5,Scheduled
352,5,44,41,2025-10-13 16:14:23.316697,2,Scheduled
353,5,45,43,2025-10-23 06:16:13.436124,4,Scheduled
354,5,45,49,2026-10-11 22:22:20.730977,3,Scheduled
355,5,45,48,2025-10-13 12:24:16.237234,2,Scheduled
356,5,45,46,2025-10-27 06:55:04.381414,1,Scheduled
357,5,45,47,2026-10-23 02:45:50.802471,2,Scheduled
358,5,45,43,2025-10-20 06:49:54.239864,2,Scheduled
359,5,45,47,2026-10-10 21:58:48.746628,1,Scheduled
360,5,45,42,2025-10-08 11:57:11.138839,3,Scheduled
361,5,46,44,2025-10-30 05:53:42.102444,1,Scheduled
362,5,46,47,2026-10-10 17:22:55.369360,2,Scheduled
363,5,46,43,2025-10-20 10:46:33.350537,5,Scheduled
364,5,46,47,2026-10-13 08:02:56.797797,3,Scheduled
365,5,46,49,2024-10-20 14:44:51.435282,2,Scheduled
366,5,46,41,2026-10-22 21:41:26.504349,3,Scheduled
367,5,46,50,2025-10-05 21:35:28.572588,4,Scheduled
368,5,46,42,2026-10-14 06:48:45.720257,1,Scheduled
369,5,47,42,2026-10-04 01:20:00.393272,4,Scheduled
370,5,47,43,2026-10-09 13:53:01.214012,3,Scheduled
371,5,47,41,2024-10-21 13:23:31.196793,1,Scheduled
372,5,47,41,2025-10-24 10:06:02.418999,5,Scheduled
373,5,47,48,2026-10-19 10:18:50.668523,2,Scheduled
374,5,47,45,2026-10-01 18:09:47.975537,4,Scheduled
375,5,47,41,2026-10-06 16:26:47.391378,1,Scheduled
376,5,47,45,2026-10-11 04:51:27.582211,1,Scheduled
377,5,48,44,2025-10-22 17:31:01.982256,3,Scheduled
378,5,48,47,2025-10-04 06:21:43.593271,2,Scheduled
379,5,48,44,2025-10-09 09:40:16.479076,2,Scheduled
380,5,48,50,2025-10-30 17:55:47.781163,2,Scheduled
381,5,48,50,2025-10-28 07:45:31.582793,4,Scheduled
382,5,48,44,2025-10-19 14:43:13.869941,3,Scheduled
383,5,48,45,2024-10-28 05:22:04.617408,1,Scheduled
384,5,48,42,2026-10-28 06:24:37.607369,5,Scheduled
385,5,49,47,2025-10-07 15:14:06.702780,3,Scheduled
386,5,49,46,2025-10-28 17:38:29.794558,4,Scheduled
387,5,49,46,2025-10-26 17:18:29.592144,4,Scheduled
388,5,49,42,2025-10-08 11:47:48.334052,4,Scheduled
389,5,49,42,2026-10-11 09:53:24.499691,4,Scheduled
390,5,49,42,2025-10-20 22:02:01.543408,5,Scheduled
391,5,49,45,2025-10-01 17:19:41.072094,1,Scheduled
392,5,49,45,2024-10-14 20:22:30.579657,1,Scheduled
393,5,50,44,2026-10-03 15:11:05.831061,1,Scheduled
394,5,50,44,2024-10-28 06:13:17.038383,3,Scheduled
395,5,50,44,2026-10-23 15:34:56.467790,2,Scheduled
396,5,50,42,2025-10-06 17:09:09.941396,4,Scheduled
397,5,50,41,2025-10-20 11:18:51.847324,2,Scheduled
398,5,50,45,2026-10-06 07:29:00.729132,1,Scheduled
399,5,50,45,2025-10-01 07:18:35.849180,3,Scheduled
400,5,50,41,2025-10-21 08:43:17.065778,1,Scheduled
401,6,51,57,2026-10-29 23:48:24.960588,4,Scheduled
402,6,51,54,2027-10-16 21:43:53.941962,5,Scheduled
403,6,51,59,2027-10-07 00:42:58.043083,5,Scheduled
404,6,51,56,2026-10-01 00:00:09.719219,1,Scheduled
405,6,51,53,2026-10-26 22:23:02.177484,3,Scheduled
406,6,51,53,2027-10-11 15:20:09.606494,3,Scheduled
407,6,51,55,2026-10-28 19:12:36.335264,3,Scheduled
408,6,51,60,2026-10-13 09:19:09.169382,2,Scheduled
409,6,52,58,2026-10-14 04:44:08.178851,4,Scheduled
410,6,52,59,2026-10-24 13:31:28.960687,2,Scheduled
411,6,52,57,2027-10-21 01:42:25.463919,2,Scheduled
412,6,52,59,2026-10-19 08:50:31.378246,3,Scheduled
413,6,52,54,2026-10-28 14:06:34.724819,2,Scheduled
414,6,52,60,2026-10-02 13:09:54.612632,2,Scheduled
415,6,52,54,2026-10-30 00:56:10.278835,2,Scheduled
416,6,52,56,2026-10-08 07:36:41.438127,1,Scheduled
417,6,53,55,2027-10-14 08:16:52.662112,4,Scheduled
418,6,53,60,2027-10-05 23:31:04.190799,1,Scheduled
419,6,53,55,2026-10-18 19:50:14.837169,1,Scheduled
420,6,53,60,2026-10-07 22:36:27.045931,5,Scheduled
421,6,53,58,2026-10-17 20:24:51.764434,1,Scheduled
422,6,53,52,2027-10-24 15:16:45.062546,2,Scheduled
423,6,53,52,2027-10-26 21:18:22.253687,2,Scheduled
424,6,53,51,2026-10-18 02:45:54.926780,1,Scheduled
425,6,54,59,2027-10-16 05:50:59.460675,5,Scheduled
426,6,54,51,2026-10-25 17:23:48.541608,4,Scheduled
427,6,54,59,2026-10-10 23:30:15.654978,1,Scheduled
428,6,54,53,2027-10-08 15:47:50.079034,1,Scheduled
429,6,54,57,2026-10-20 12:35:21.904992,1,Scheduled
430,6,54,56,2027-10-25 21:53:36.820536,3,Scheduled
431,6,54,60,2027-10-11 00:39:53.770688,5,Scheduled
432,6,54,56,2027-10-12 06:08:27.123041,2,Scheduled
433,6,55,59,2027-10-22 16:49:34.190686,3,Scheduled
434,6,55,60,2026-10-15 05:24:25.863756,1,Scheduled
435,6,55,51,2026-10-15 10:44:39.997313,4,Scheduled
436,6,55,56,2026-10-15 22:36:18.258016,3,Scheduled
437,6,55,54,2026-10-08 17:57:56.814526,3,Scheduled
438,6,55,58,2026-10-29 20:32:02.262788,2,Scheduled
439,6,55,52,2026-10-14 15:53:18.573429,4,Scheduled
440,6,55,58,2026-10-25 21:10:24.792524,1,Scheduled
441,6,56,52,2027-10-17 23:33:10.283002,4,Scheduled
442,6,56,60,2027-10-12 05:49:41.353223,4,Scheduled
443,6,56,51,2026-10-11 06:02:25.251864,5,Scheduled
444,6,56,51,2027-10-21 10:59:41.018183,1,Scheduled
445,6,56,53,2027-10-03 04:45:32.989440,4,Scheduled
446,6,56,53,2027-10-08 11:08:35.555815,1,Scheduled
447,6,56,51,2027-10-11 00:13:23.464830,1,Scheduled
448,6,56,52,2027-10-22 12:20:47.086551,3,Scheduled
449,6,57,59,2026-10-23 10:46:36.838114,2,Scheduled
450,6,57,58,2027-10-21 14:43:03.127879,3,Scheduled
451,6,57,52,2027-10-10 04:35:50.673814,3,Scheduled
452,6,57,54,2026-10-18 02:38:26.097506,3,Scheduled
453,6,57,60,2026-10-30 20:40:50.911055,2,Scheduled
454,6,57,54,2026-10-20 10:13:25.204423,5,Scheduled
455,6,57,53,2026-10-24 06:13:09.661817,1,Scheduled
456,6,57,59,2027-10-07 00:44:56.387590,1,Scheduled
457,6,58,52,2026-10-18 12:50:00.876453,2,Scheduled
458,6,58,60,2026-10-03 16:17:48.840825,1,Scheduled
459,6,58,53,2027-10-14 08:46:20.670887,2,Scheduled
460,6,58,56,2026-10-07 11:14:29.940476,3,Scheduled
461,6,58,59,2026-10-28 17:08:52.805739,3,Scheduled
462,6,58,51,2026-10-04 12:33:16.501644,2,Scheduled
463,6,58,54,2026-10-09 02:08:37.055758,2,Scheduled
464,6,58,52,2027-10-02 09:11:23.222644,5,Scheduled
465,6,59,51,2027-10-02 23:32:49.349535,5,Scheduled
466,6,59,60,2027-10-07 06:55:27.023236,4,Scheduled
467,6,59,58,2026-10-03 07:01:47.046710,3,Scheduled
468,6,59,56,2026-10-25 08:45:11.255195,5,Scheduled
469,6,59,51,2026-10-18 18:53:49.889442,3,Scheduled
470,6,59,51,2026-10-02 20:29:31.204699,2,Scheduled
471,6,59,55,2026-10-29 18:23:08.443808,2,Scheduled
472,6,59,57,2027-10-11 11:58:58.814252,4,Scheduled
473,6,60,56,2026-10-25 21:58:10.548987,4,Scheduled
474,6,60,55,2026-10-31 13:32:13.123113,1,Scheduled
475,6,60,51,2026-10-26 10:52:01.728624,3,Scheduled
476,6,60,54,2026-10-28 16:32:51.783987,2,Scheduled
477,6,60,57,2026-10-27 08:32:08.097262,4,Scheduled
478,6,60,57,2026-10-18 20:01:30.302538,4,Scheduled
479,6,60,56,2026-10-20 01:47:59.477693,2,Scheduled
480,6,60,52,2027-10-21 18:05:21.003309,5,Scheduled
481,7,61,66,2025-10-27 04:09:36.830818,1,Scheduled
482,7,61,69,2025-10-26 05:42:25.528679,4,Scheduled
483,7,61,65,2026-10-06 04:48:35.576157,1,Scheduled
484,7,61,62,2026-10-30 11:53:01.776168,1,Scheduled
485,7,61,66,2026-10-01 10:58:44.688641,3,Scheduled
486,7,61,65,2026-10-14 12:38:56.321111,1,Scheduled
487,7,61,67,2025-10-24 03:09:24.181844,3,Scheduled
488,7,61,65,2026-10-28 20:47:13.097385,5,Scheduled
489,7,62,65,2026-10-28 16:28:02.275404,5,Scheduled
490,7,62,66,2026-10-05 17:32:28.977127,5,Scheduled
491,7,62,68,2026-10-30 12:15:08.834355,4,Scheduled
492,7,62,66,2026-10-30 19:16:23.918202,4,Scheduled
493,7,62,61,2026-10-24 00:05:05.956685,1,Scheduled
494,7,62,69,2026-10-10 06:33:10.595399,3,Scheduled
495,7,62,61,2026-10-16 15:52:15.713955,3,Scheduled
496,7,62,66,2026-10-05 18:25:57.254382,3,Scheduled
497,7,63,62,2025-10-24 07:27:02.255556,1,Scheduled
498,7,63,67,2026-10-18 15:53:44.374573,2,Scheduled
499,7,63,61,2025-10-16 20:11:55.153295,2,Scheduled
500,7,63,70,2026-10-14 14:06:11.678586,2,Scheduled
501,7,63,62,2026-10-07 13:24:32.084535,3,Scheduled
502,7,63,67,2026-10-24 11:34:42.900549,2,Scheduled
503,7,63,67,2026-10-20 23:43:28.155488,1,Scheduled
504,7,63,64,2025-10-08 16:53:02.288759,3,Scheduled
505,7,64,69,2026-10-13 06:22:47.204430,5,Scheduled
506,7,64,63,2026-10-02 03:31:45.018773,1,Scheduled
507,7,64,65,2025-10-02 08:55:19.166481,1,Scheduled
508,7,64,69,2025-10-03 00:51:13.537380,5,Scheduled
509,7,64,63,2026-10-30 09:44:54.282490,5,Scheduled
510,7,64,61,2026-10-31 08:24:05.712829,4,Scheduled
511,7,64,67,2025-10-08 06:25:19.942190,5,Scheduled
512,7,64,68,2026-10-13 05:13:38.142225,3,Scheduled
513,7,65,63,2026-10-12 19:40:59.044151,5,Scheduled
514,7,65,69,2026-10-16 04:07:48.331738,4,Scheduled
515,7,65,68,2026-10-04 14:38:17.977924,4,Scheduled
516,7,65,62,2026-10-09 13:32:23.556380,5,Scheduled
517,7,65,70,2026-10-07 22:25:46.466474,1,Scheduled
518,7,65,68,2025-10-05 12:37:30.643136,2,Scheduled
519,7,65,68,2026-10-02 07:53:11.476120,2,Scheduled
520,7,65,69,2025-10-28 21:36:38.293824,4,Scheduled
521,7,66,70,2026-10-19 06:29:01.695163,4,Scheduled
522,7,66,62,2026-10-26 21:19:51.240906,3,Scheduled
523,7,66,64,2025-10-12 14:08:40.727186,4,Scheduled
524,7,66,62,2026-10-13 08:11:43.511149,2,Scheduled
525,7,66,69,2026-10-04 00:00:10.112795,4,Scheduled
526,7,66,64,2026-10-31 06:13:49.175091,3,Scheduled
527,7,66,62,2026-10-23 21:45:34.437090,2,Scheduled
528,7,66,62,2025-10-01 07:20:20.118644,2,Scheduled
529,7,67,70,2026-10-10 07:14:24.629420,4,Scheduled
530,7,67,70,2026-10-01 05:41:04.041867,2,Scheduled
531,7,67,65,2026-10-11 21:22:55.805363,4,Scheduled
532,7,67,63,2025-10-11 18:11:56.490301,1,Scheduled
533,7,67,69,2025-10-26 22:16:33.350496,2,Scheduled
534,7,67,61,2026-10-07 08:08:42.482433,4,Scheduled
535,7,67,63,2026-10-12 17:11:58.182028,1,Scheduled
536,7,67,69,2026-10-05 16:52:35.222366,3,Scheduled
537,7,68,64,2025-10-04 03:29:56.648287,3,Scheduled
538,7,68,69,2026-10-03 03:56:51.462802,1,Scheduled
539,7,68,69,2026-10-17 10:54:21.488963,1,Scheduled
540,7,68,70,2026-10-05 16:46:50.481286,2,Scheduled
541,7,68,70,2025-10-08 03:29:36.989946,2,Scheduled
542,7,68,70,2026-10-29 12:29:18.826881,5,Scheduled
543,7,68,66,2025-10-28 15:38:30.848989,1,Scheduled
544,7,68,61,2026-10-03 05:11:52.099480,1,Scheduled
545,7,69,68,2026-10-05 06:47:49.649910,3,Scheduled
546,7,69,61,2026-10-05 04:54:31.399953,1,Scheduled
547,7,69,61,2026-10-24 14:13:17.645556,4,Scheduled
548,7,69,70,2025-10-22 09:26:15.648329,3,Scheduled
549,7,69,61,2026-10-10 12:19:07.177372,1,Scheduled
550,7,69,62,2026-10-14 07:47:40.487088,2,Scheduled
551,7,69,62,2026-10-08 22:45:47.888883,4,Scheduled
552,7,69,61,2026-10-21 13:00:55.223740,5,Scheduled
553,7,70,64,2026-10-05 01:00:52.676430,5,Scheduled
554,7,70,62,2026-10-25 18:31:58.690881,5,Scheduled
555,7,70,64,2026-10-06 02:21:34.729501,3,Scheduled
556,7,70,66,2026-10-13 10:24:19.337716,4,Scheduled
557,7,70,69,2026-10-27 04:59:29.100946,3,Scheduled
558,7,70,69,2026-10-24 11:15:39.055262,1,Scheduled
559,7,70,61,2026-10-13 00:28:13.767837,2,Scheduled
560,7,70,68,2025-10-13 13:14:55.496638,3,Scheduled
561,8,71,76,2027-10-03 07:00:25.044633,5,Scheduled
562,8,71,78,2026-10-04 12:19:38.445449,3,Scheduled
563,8,71,78,2026-10-01 16:17:32.365919,5,Scheduled
564,8,71,73,2025-10-09 11:30:45.579559,2,Scheduled
565,8,71,77,2025-10-22 05:43:39.600579,2,Scheduled
566,8,71,77,2026-10-12 23:16:22.270617,2,Scheduled
567,8,71,78,2025-10-10 18:24:51.167322,2,Scheduled
568,8,71,72,2026-10-24 22:01:43.032567,1,Scheduled
569,8,72,75,2026-10-27 04:59:04.225985,5,Scheduled
570,8,72,79,2025-10-08 04:25:46.585697,4,Scheduled
571,8,72,73,2026-10-19 20:00:35.950162,5,Scheduled
572,8,72,75,2025-10-03 03:22:18.651860,5,Scheduled
573,8,72,78,2026-10-12 21:00:20.810085,4,Scheduled
574,8,72,75,2026-10-22 13:07:39.196598,4,Scheduled
575,8,72,79,2026-10-05 05:45:58.961653,1,Scheduled
576,8,72,74,2025-10-23 19:04:15.198693,5,Scheduled
577,8,73,71,2026-10-15 04:27:38.662164,2,Scheduled
578,8,73,71,2025-10-08 12:32:41.266428,2,Scheduled
579,8,73,78,2026-10-31 04:40:40.610653,2,Scheduled
580,8,73,74,2026-10-14 21:38:21.132882,3,Scheduled
581,8,73,77,2026-10-03 02:25:17.665973,2,Scheduled
582,8,73,80,2026-10-03 10:35:04.677329,3,Scheduled
583,8,73,78,2026-10-27 02:41:21.679548,4,Scheduled
584,8,73,77,2026-10-24 18:30:56.396311,4,Scheduled
585,8,74,71,2026-10-30 19:20:21.339484,2,Scheduled
586,8,74,75,2026-10-18 17:00:33.354836,1,Scheduled
587,8,74,73,2026-10-10 00:59:49.933245,4,Scheduled
588,8,74,75,2025-10-15 08:38:38.333954,2,Scheduled
589,8,74,71,2025-10-10 06:37:40.337001,2,Scheduled
590,8,74,71,2026-10-07 21:29:19.880843,1,Scheduled
591,8,74,77,2026-10-23 16:32:37.863954,3,Scheduled
592,8,74,73,2026-10-16 01:56:22.545457,4,Scheduled
593,8,75,72,2026-10-18 21:23:12.365239,3,Scheduled
594,8,75,79,2026-10-02 13:17:08.760133,3,Scheduled
595,8,75,74,2025-10-14 02:30:49.862375,2,Scheduled
596,8,75,72,2026-10-08 13:06:31.120311,5,Scheduled
597,8,75,76,2027-10-21 05:32:33.909810,1,Scheduled
598,8,75,76,2026-10-04 06:57:11.931633,2,Scheduled
599,8,75,72,2025-10-02 12:17:59.043190,5,Scheduled
600,8,75,77,2026-10-08 21:42:06.033928,3,Scheduled
601,8,76,71,2026-10-28 14:08:46.707255,5,Scheduled
602,8,76,78,2025-10-14 12:42:42.821227,2,Scheduled
603,8,76,71,2026-10-22 07:34:18.580561,4,Scheduled
604,8,76,80,2026-10-15 09:14:10.077159,3,Scheduled
605,8,76,72,2026-10-18 17:59:21.693315,3,Scheduled
606,8,76,79,2026-10-21 17:30:21.138693,1,Scheduled
607,8,76,73,2027-10-11 08:50:39.186712,3,Scheduled
608,8,76,77,2026-10-31 00:31:28.943276,2,Scheduled
609,8,77,78,2026-10-22 07:07:34.051378,3,Scheduled
610,8,77,74,2026-10-12 16:12:12.615451,5,Scheduled
611,8,77,79,2026-10-04 13:24:21.432349,3,Scheduled
612,8,77,75,2026-10-19 20:41:52.825893,4,Scheduled
613,8,77,76,2025-10-21 16:34:49.954496,2,Scheduled
614,8,77,73,2026-10-19 12:01:13.461082,5,Scheduled
615,8,77,73,2025-10-07 14:00:58.195738,1,Scheduled
616,8,77,73,2027-10-22 07:55:47.606592,5,Scheduled
617,8,78,71,2027-10-11 04:51:44.272719,2,Scheduled
618,8,78,73,2026-10-01 18:58:17.631088,2,Scheduled
619,8,78,71,2026-10-08 05:37:30.076670,1,Scheduled
620,8,78,80,2025-10-02 05:46:21.542828,4,Scheduled
621,8,78,76,2025-10-25 20:25:56.625629,4,Scheduled
622,8,78,74,2026-10-13 06:35:27.585557,4,Scheduled
623,8,78,80,2026-10-20 21:46:40.028874,5,Scheduled
624,8,78,77,2025-10-31 05:56:19.365777,1,Scheduled
625,8,79,78,2026-10-12 17:54:20.579314,5,Scheduled
626,8,79,78,2027-10-21 16:15:45.718067,5,Scheduled
627,8,79,80,2027-10-12 16:37:48.432585,5,Scheduled
628,8,79,80,2027-10-14 17:57:58.254133,2,Scheduled
629,8,79,80,2025-10-04 00:14:23.946900,4,Scheduled
630,8,79,80,2026-10-22 11:35:22.577345,3,Scheduled
631,8,79,71,2026-10-04 03:52:46.187814,2,Scheduled
632,8,79,76,2027-10-10 22:58:15.552290,5,Scheduled
633,8,80,73,2025-10-23 20:28:42.662798,2,Scheduled
634,8,80,75,2026-10-20 22:17:39.180319,1,Scheduled
635,8,80,76,2026-10-15 03:22:32.417419,1,Scheduled
636,8,80,79,2025-10-19 14:14:45.781641,4,Scheduled
637,8,80,75,2025-10-20 15:14:14.394823,5,Scheduled
638,8,80,74,2026-10-04 08:15:43.813243,2,Scheduled
639,8,80,73,2026-10-15 14:49:01.436100,5,Scheduled
640,8,80,76,2026-10-23 09:47:36.859068,5,Scheduled
641,9,81,87,2025-10-09 21:44:33.923450,2,Scheduled
642,9,81,88,2027-10-03 19:40:09.652909,5,Scheduled
643,9,81,85,2026-10-26 02:05:25.844874,5,Scheduled
644,9,81,87,2026-10-03 23:15:16.586355,1,Scheduled
645,9,81,82,2027-10-06 04:31:06.651792,4,Scheduled
646,9,81,89,2025-10-28 08:06:48.423665,4,Scheduled
647,9,81,82,2026-10-15 21:33:29.797613,3,Scheduled
648,9,81,87,2026-10-31 06:19:51.860583,1,Scheduled
649,9,82,81,2026-10-12 18:21:54.738514,1,Scheduled
650,9,82,83,2025-10-13 05:26:56.612453,3,Scheduled
651,9,82,81,2027-10-11 20:58:56.888896,4,Scheduled
652,9,82,87,2026-10-11 04:04:53.407361,3,Scheduled
653,9,82,89,2026-10-27 23:13:02.716129,3,Scheduled
654,9,82,87,2026-10-21 08:55:33.395538,5,Scheduled
655,9,82,90,2027-10-10 13:39:06.675109,2,Scheduled
656,9,82,85,2027-10-09 08:23:35.777257,5,Scheduled
657,9,83,87,2026-10-22 00:46:48.764811,1,Scheduled
658,9,83,85,2026-10-10 01:46:40.668325,1,Scheduled
659,9,83,82,2026-10-26 18:37:52.119251,4,Scheduled
660,9,83,82,2026-10-16 11:37:05.939441,3,Scheduled
661,9,83,85,2026-10-19 22:39:09.058324,3,Scheduled
662,9,83,88,2026-10-09 21:15:13.783476,2,Scheduled
663,9,83,81,2026-10-02 23:54:41.996043,2,Scheduled
664,9,83,82,2026-10-06 16:45:16.953730,2,Scheduled
665,9,84,88,2027-10-27 16:00:38.699966,2,Scheduled
666,9,84,89,2026-10-31 02:07:53.365095,5,Scheduled
667,9,84,86,2026-10-10 01:43:15.099336,1,Scheduled
668,9,84,83,2026-10-21 02:14:58.131200,1,Scheduled
669,9,84,87,2027-10-02 08:52:42.231528,5,Scheduled
670,9,84,81,2026-10-21 06:59:01.449418,1,Scheduled
671,9,84,89,2026-10-30 13:58:46.336906,2,Scheduled
672,9,84,87,2026-10-18 10:05:49.137187,1,Scheduled
673,9,85,87,2026-10-30 21:40:49.043638,4,Scheduled
674,9,85,81,2026-10-30 05:56:46.652051,1,Scheduled
675,9,85,90,2026-10-15 17:53:16.627634,2,Scheduled
676,9,85,90,2026-10-04 02:06:49.641620,1,Scheduled
677,9,85,89,2027-10-20 08:48:13.754921,3,Scheduled
678,9,85,86,2026-10-09 08:20:48.048805,3,Scheduled
679,9,85,90,2026-10-03 23:59:30.616265,2,Scheduled
680,9,85,81,2025-10-12 10:38:03.229959,1,Scheduled
681,9,86,81,2026-10-07 11:04:33.505859,2,Scheduled
682,9,86,85,2026-10-12 00:08:20.410837,3,Scheduled
683,9,86,81,2026-10-05 08:46:12.124165,5,Scheduled
684,9,86,90,2026-10-03 07:06:14.677730,2,Scheduled
685,9,86,88,2026-10-27 07:15:59.156481,1,Scheduled
686,9,86,88,2026-10-28 11:04:24.922194,2,Scheduled
687,9,86,85,2026-10-20 00:49:47.630683,5,Scheduled
688,9,86,81,2026-10-19 09:53:17.233711,3,Scheduled
689,9,87,86,2026-10-30 09:04:42.969312,1,Scheduled
690,9,87,86,2027-10-19 23:52:58.758770,3,Scheduled
691,9,87,82,2026-10-15 09:27:16.290236,5,Scheduled
692,9,87,86,2026-10-09 17:50:00.957688,3,Scheduled
693,9,87,88,2026-10-02 18:59:21.445836,5,Scheduled
694,9,87,90,2026-10-19 09:59:36.977376,4,Scheduled
695,9,87,88,2026-10-24 11:51:18.512038,4,Scheduled
696,9,87,81,2026-10-20 08:03:11.341548,3,Scheduled
697,9,88,83,2027-10-07 04:43:45.117621,1,Scheduled
698,9,88,90,2026-10-06 22:55:14.694180,4,Scheduled
699,9,88,81,2026-10-09 18:05:34.539245,3,Scheduled
700,9,88,86,2026-10-10 19:37:45.614345,4,Scheduled
701,9,88,90,2026-10-30 23:02:06.695653,3,Scheduled
702,9,88,85,2026-10-05 04:29:18.696567,1,Scheduled
703,9,88,84,2026-10-28 17:16:48.654728,2,Scheduled
704,9,88,89,2026-10-09 06:43:22.448034,1,Scheduled
705,9,89,88,2026-10-02 05:23:51.788069,3,Scheduled
706,9,89,81,2026-10-11 20:46:07.505923,1,Scheduled
707,9,89,88,2026-10-25 16:48:16.712258,1,Scheduled
708,9,89,83,2026-10-01 01:18:30.614573,3,Scheduled
709,9,89,85,2026-10-12 00:55:22.062169,1,Scheduled
710,9,89,87,2026-10-16 07:57:42.171857,5,Scheduled
711,9,89,83,2026-10-25 13:48:28.391934,5,Scheduled
712,9,89,81,2026-10-19 15:48:31.906294,5,Scheduled
713,9,90,87,2025-10-27 13:05:22.810527,5,Scheduled
714,9,90,89,2026-10-19 09:29:57.958532,2,Scheduled
715,9,90,84,2026-10-09 08:48:14.324831,1,Scheduled
716,9,90,86,2026-10-02 12:11:41.438657,2,Scheduled
717,9,90,86,2026-10-26 08:34:24.535519,2,Scheduled
718,9,90,83,2026-10-19 10:06:38.992310,5,Scheduled
719,9,90,83,2026-10-21 07:03:57.997254,3,Scheduled
720,9,90,89,2027-10-15 15:50:10.407341,5,Scheduled
721,10,91,96,2025-10-25 12:46:22.564335,4,Scheduled
722,10,91,99,2025-10-11 12:05:25.511461,3,Scheduled
723,10,91,93,2026-10-14 08:12:33.050725,4,Scheduled
724,10,91,98,2026-10-11 02:43:50.103421,1,Scheduled
725,10,91,95,2026-10-09 07:12:31.923245,3,Scheduled
726,10,91,95,2026-10-12 06:49:43.635753,4,Scheduled
727,10,91,96,2027-10-16 03:12:25.623430,4,Scheduled
728,10,91,98,2027-10-04 06:17:33.908222,4,Scheduled
729,10,92,94,2027-10-22 04:18:41.263174,2,Scheduled
730,10,92,98,2026-10-15 09:03:17.613129,4,Scheduled
731,10,92,94,2025-10-07 06:54:18.807841,2,Scheduled
732,10,92,99,2025-10-20 16:55:12.455368,3,Scheduled
733,10,92,99,2027-10-07 15:58:03.199124,1,Scheduled
734,10,92,91,2026-10-22 20:52:32.788580,1,Scheduled
735,10,92,97,2027-10-19 11:21:18.645122,2,Scheduled
736,10,92,94,2026-10-28 12:50:46.504029,3,Scheduled
737,10,93,92,2027-10-03 04:18:58.568191,1,Scheduled
738,10,93,100,2025-10-23 05:42:38.244171,1,Scheduled
739,10,93,95,2026-10-09 13:34:58.356946,1,Scheduled
740,10,93,92,2026-10-09 19:16:15.100570,3,Scheduled
741,10,93,99,2025-10-09 05:18:13.170145,5,Scheduled
742,10,93,91,2027-10-08 04:11:00.397015,4,Scheduled
743,10,93,92,2025-10-20 00:40:52.855082,2,Scheduled
744,10,93,95,2025-10-28 21:38:25.251196,2,Scheduled
745,10,94,97,2026-10-09 08:41:43.960572,2,Scheduled
746,10,94,91,2025-10-05 20:11:41.465492,3,Scheduled
747,10,94,98,2025-10-23 21:31:56.186826,1,Scheduled
748,10,94,97,2026-10-30 14:53:08.540837,4,Scheduled
749,10,94,96,2026-10-31 16:47:57.045767,1,Scheduled
750,10,94,96,2025-10-15 08:35:29.534538,4,Scheduled
751,10,94,98,2026-10-02 11:27:29.562220,2,Scheduled
752,10,94,96,2025-10-08 22:39:53.219833,2,Scheduled
753,10,95,100,2027-10-14 11:13:08.296690,5,Scheduled
754,10,95,91,2025-10-16 11:47:51.752686,4,Scheduled
755,10,95,94,2026-10-19 00:37:21.275724,1,Scheduled
756,10,95,99,2027-10-22 05:57:13.106562,5,Scheduled
757,10,95,100,2026-10-16 09:57:58.354895,4,Scheduled
758,10,95,96,2025-10-04 23:08:47.419739,4,Scheduled
759,10,95,98,2025-10-08 06:51:27.305717,2,Scheduled
760,10,95,100,2025-10-03 11:06:41.443839,3,Scheduled
761,10,96,100,2026-10-27 17:22:52.340748,1,Scheduled
762,10,96,98,2026-10-23 15:16:25.756736,3,Scheduled
763,10,96,95,2025-10-25 10:20:57.484004,3,Scheduled
764,10,96,91,2025-10-28 15:27:10.720047,4,Scheduled
765,10,96,100,2026-10-10 21:44:01.158077,2,Scheduled
766,10,96,94,2026-10-11 15:40:45.696626,1,Scheduled
767,10,96,98,2027-10-09 12:19:51.529433,1,Scheduled
768,10,96,94,2027-10-04 01:04:11.668286,4,Scheduled
769,10,97,99,2026-10-31 01:05:08.184056,2,Scheduled
770,10,97,99,2026-10-08 11:00:18.371620,4,Scheduled
771,10,97,100,2025-10-09 22:11:43.573272,3,Scheduled
772,10,97,93,2026-10-06 06:13:42.184685,3,Scheduled
773,10,97,96,2026-10-18 07:28:17.627394,5,Scheduled
774,10,97,92,2027-10-25 13:10:23.270700,4,Scheduled
775,10,97,94,2026-10-05 11:00:00.903003,3,Scheduled
776,10,97,100,2026-10-25 23:34:31.513129,4,Scheduled
777,10,98,91,2027-10-11 09:05:28.471540,1,Scheduled
778,10,98,96,2026-10-06 22:57:58.559251,4,Scheduled
779,10,98,99,2026-10-14 14:56:03.815879,2,Scheduled
780,10,98,93,2025-10-07 15:30:48.223424,3,Scheduled
781,10,98,96,2027-10-04 05:10:58.118925,5,Scheduled
782,10,98,91,2027-10-09 21:28:51.195678,3,Scheduled
783,10,98,94,2026-10-27 15:45:38.906636,3,Scheduled
784,10,98,97,2026-10-10 00:24:25.110366,2,Scheduled
785,10,99,97,2025-10-02 09:48:06.936883,5,Scheduled
786,10,99,97,2025-10-23 22:21:35.741781,4,Scheduled
787,10,99,95,2025-10-11 03:43:32.453638,3,Scheduled
788,10,99,96,2026-10-25 23:44:58.793644,5,Scheduled
789,10,99,96,2027-10-26 01:20:02.107972,4,Scheduled
790,10,99,100,2025-10-04 18:13:08.686863,3,Scheduled
791,10,99,91,2026-10-13 13:36:55.605227,2,Scheduled
792,10,99,96,2025-10-18 09:50:45.209877,5,Scheduled
793,10,100,99,2025-10-27 17:40:08.592674,3,Scheduled
794,10,100,97,2026-10-03 03:49:31.847585,4,Scheduled
795,10,100,99,2026-10-24 07:46:20.865147,5,Scheduled
796,10,100,91,2026-10-17 18:46:16.396855,4,Scheduled
797,10,100,98,2026-10-17 02:51:24.211882,2,Scheduled
798,10,100,91,2026-10-18 13:39:10.383957,5,Scheduled
799,10,100,99,2027-10-10 00:27:26.057685,3,Scheduled
800,10,100,99,2026-10-05 08:29:45.874258,4,Scheduled
801,11,101,108,2026-10-30 04:19:25.359226,3,Scheduled
802,11,101,103,2026-10-07 20:11:59.442843,4,Scheduled
803,11,101,106,2026-10-25 21:09:38.141850,3,Scheduled
804,11,101,102,2026-10-29 01:04:34.179341,2,Scheduled
805,11,101,106,2026-10-01 05:50:10.277394,4,Scheduled
806,11,101,103,2026-10-15 16:40:43.395840,2,Scheduled
807,11,101,109,2026-10-17 13:36:24.776141,2,Scheduled
808,11,101,109,2025-10-06 21:30:40.545996,1,Scheduled
809,11,102,103,2025-10-31 15:42:36.821011,5,Scheduled
810,11,102,105,2026-10-19 10:57:53.974838,3,Scheduled
811,11,102,103,2026-10-30 14:43:43.897708,3,Scheduled
812,11,102,103,2026-10-09 06:14:05.387416,3,Scheduled
813,11,102,105,2027-10-22 09:08:22.778692,3,Scheduled
814,11,102,105,2026-10-18 14:36:18.367367,1,Scheduled
815,11,102,109,2026-10-30 04:53:42.493690,1,Scheduled
816,11,102,107,2026-10-06 10:59:47.601923,5,Scheduled
817,11,103,108,2026-10-03 15:14:20.108063,1,Scheduled
818,11,103,101,2025-10-17 22:14:22.377294,1,Scheduled
819,11,103,109,2027-10-08 18:55:12.847482,5,Scheduled
820,11,103,101,2027-10-05 10:28:53.892011,1,Scheduled
821,11,103,101,2026-10-23 10:53:55.093365,1,Scheduled
822,11,103,107,2027-10-02 18:53:34.465433,4,Scheduled
823,11,103,102,2025-10-30 20:58:08.123946,1,Scheduled
824,11,103,108,2026-10-19 05:04:40.462443,1,Scheduled
825,11,104,106,2026-10-11 00:07:00.607590,5,Scheduled
826,11,104,110,2026-10-02 20:52:41.289425,2,Scheduled
827,11,104,108,2025-10-23 14:03:25.173306,5,Scheduled
828,11,104,102,2026-10-15 23:22:22.780738,1,Scheduled
829,11,104,103,2026-10-28 21:34:01.546985,4,Scheduled
830,11,104,109,2026-10-30 08:21:51.023597,3,Scheduled
831,11,104,108,2026-10-24 09:06:55.405434,3,Scheduled
832,11,104,101,2026-10-12 16:42:19.949481,2,Scheduled
833,11,105,108,2027-10-02 02:39:54.215630,3,Scheduled
834,11,105,106,2027-10-03 14:38:42.689282,5,Scheduled
835,11,105,106,2026-10-13 14:49:27.371430,1,Scheduled
836,11,105,110,2027-10-16 15:44:24.166532,1,Scheduled
837,11,105,106,2027-10-09 03:15:04.590409,3,Scheduled
838,11,105,106,2027-10-25 06:42:23.050695,3,Scheduled
839,11,105,109,2026-10-27 09:52:40.440994,3,Scheduled
840,11,105,108,2027-10-13 14:21:34.828874,2,Scheduled
841,11,106,109,2026-10-05 05:16:33.359843,4,Scheduled
842,11,106,104,2026-10-19 08:48:07.341890,3,Scheduled
843,11,106,105,2026-10-08 09:24:27.608941,5,Scheduled
844,11,106,104,2027-10-24 16:36:31.708345,3,Scheduled
845,11,106,107,2025-10-22 23:02:05.024485,1,Scheduled
846,11,106,104,2027-10-21 23:55:46.562195,2,Scheduled
847,11,106,102,2027-10-19 22:40:59.154264,3,Scheduled
848,11,106,103,2026-10-01 12:03:59.130776,2,Scheduled
849,11,107,108,2027-10-20 23:51:13.044693,3,Scheduled
850,11,107,108,2027-10-23 19:05:29.348217,2,Scheduled
851,11,107,101,2026-10-15 06:16:09.531320,4,Scheduled
852,11,107,102,2026-10-09 10:32:38.769759,4,Scheduled
853,11,107,103,2026-10-25 06:54:56.423537,2,Scheduled
854,11,107,106,2026-10-07 16:50:33.987900,1,Scheduled
855,11,107,108,2026-10-25 08:42:27.902712,2,Scheduled
856,11,107,101,2026-10-16 22:43:02.744972,1,Scheduled
857,11,108,105,2026-10-30 23:25:31.541585,5,Scheduled
858,11,108,106,2027-10-26 04:03:48.226389,4,Scheduled
859,11,108,109,2027-10-11 06:21:33.157719,2,Scheduled
860,11,108,106,2026-10-25 16:14:49.799207,4,Scheduled
861,11,108,106,2027-10-09 17:41:38.274772,4,Scheduled
862,11,108,102,2026-10-11 05:35:38.512744,1,Scheduled
863,11,108,101,2027-10-11 18:20:53.485321,2,Scheduled
864,11,108,107,2026-10-17 08:44:53.258575,1,Scheduled
865,11,109,105,2026-10-06 10:16:46.176963,2,Scheduled
866,11,109,107,2026-10-18 19:55:24.667680,2,Scheduled
867,11,109,103,2027-10-17 07:01:08.090384,2,Scheduled
868,11,109,110,2026-10-14 09:40:15.538303,4,Scheduled
869,11,109,108,2026-10-25 02:01:20.532168,1,Scheduled
870,11,109,107,2026-10-30 11:21:35.515479,4,Scheduled
871,11,109,110,2025-10-26 23:54:51.255872,4,Scheduled
872,11,109,102,2026-10-20 19:59:28.558125,5,Scheduled
873,11,110,108,2026-10-17 04:53:49.861747,3,Scheduled
874,11,110,104,2026-10-07 18:13:29.178704,3,Scheduled
875,11,110,101,2026-10-19 01:20:59.244007,5,Scheduled
876,11,110,101,2026-10-10 03:59:38.754365,1,Scheduled
877,11,110,107,2026-10-07 10:36:11.739428,5,Scheduled
878,11,110,105,2027-10-04 13:51:28.626103,5,Scheduled
879,11,110,102,2026-10-04 03:29:28.388488,2,Scheduled
880,11,110,103,2027-10-11 20:27:41.800312,2,Scheduled
881,12,111,116,2026-10-22 05:33:19.921821,4,Scheduled
882,12,111,120,2027-10-24 20:34:58.692054,5,Scheduled
883,12,111,113,2026-10-01 21:24:06.257037,4,Scheduled
884,12,111,120,2026-10-16 01:22:25.873883,4,Scheduled
885,12,111,117,2027-10-07 10:54:58.203701,3,Scheduled
886,12,111,120,2027-10-13 21:28:41.468872,1,Scheduled
887,12,111,112,2026-10-09 03:18:52.692497,4,Scheduled
888,12,111,117,2026-10-22 02:56:39.809116,4,Scheduled
889,12,112,115,2026-10-06 00:48:28.021168,2,Scheduled
890,12,112,116,2026-10-02 21:10:25.242753,3,Scheduled
891,12,112,119,2026-10-14 07:45:37.617436,4,Scheduled
892,12,112,113,2026-10-29 05:21:57.498986,3,Scheduled
893,12,112,119,2026-10-09 08:55:27.993298,1,Scheduled
894,12,112,118,2027-10-26 01:30:13.014116,2,Scheduled
895,12,112,116,2026-10-01 21:23:29.161667,3,Scheduled
896,12,112,115,2027-10-11 11:35:56.614392,2,Scheduled
897,12,113,116,2027-10-18 06:16:07.827112,5,Scheduled
898,12,113,119,2026-10-10 21:44:17.558784,1,Scheduled
899,12,113,112,2027-10-10 18:08:30.255055,1,Scheduled
900,12,113,112,2027-10-25 01:28:12.403129,5,Scheduled
901,12,113,119,2026-10-14 05:21:02.608000,1,Scheduled
902,12,113,120,2027-10-05 00:42:26.379057,1,Scheduled
903,12,113,116,2026-10-07 12:19:28.036978,1,Scheduled
904,12,113,114,2027-10-20 20:12:09.569549,4,Scheduled
905,12,114,118,2026-10-09 17:34:40.816967,2,Scheduled
906,12,114,113,2027-10-05 14:06:08.500083,3,Scheduled
907,12,114,115,2026-10-08 20:08:46.836408,5,Scheduled
908,12,114,118,2026-10-18 14:47:38.622092,1,Scheduled
909,12,114,118,2027-10-08 09:24:32.881495,5,Scheduled
910,12,114,120,2026-10-11 04:17:58.795246,2,Scheduled
911,12,114,112,2027-10-31 19:18:57.366285,4,Scheduled
912,12,114,120,2026-10-05 09:18:15.778548,3,Scheduled
913,12,115,117,2026-10-20 23:35:16.130016,2,Scheduled
914,12,115,117,2027-10-14 03:22:24.947127,3,Scheduled
915,12,115,114,2026-10-13 12:46:41.599372,5,Scheduled
916,12,115,112,2027-10-04 02:43:28.057373,3,Scheduled
917,12,115,119,2027-10-27 13:17:24.909346,5,Scheduled
918,12,115,111,2027-10-18 10:25:58.826911,3,Scheduled
919,12,115,112,2026-10-12 08:20:55.467298,3,Scheduled
920,12,115,112,2026-10-11 11:16:50.776833,3,Scheduled
921,12,116,111,2026-10-24 14:58:35.380189,5,Scheduled
922,12,116,112,2026-10-12 02:36:07.445882,1,Scheduled
923,12,116,120,2026-10-14 18:46:46.653581,2,Scheduled
924,12,116,113,2026-10-10 13:19:58.704992,1,Scheduled
925,12,116,111,2027-10-20 12:14:40.241457,2,Scheduled
926,12,116,111,2026-10-11 21:59:46.119697,3,Scheduled
927,12,116,113,2027-10-14 15:51:14.696347,3,Scheduled
928,12,116,115,2027-10-04 22:56:10.939482,2,Scheduled
929,12,117,120,2027-10-06 13:45:42.308036,3,Scheduled
930,12,117,111,2027-10-15 09:22:09.587100,4,Scheduled
931,12,117,112,2027-10-04 03:20:42.074605,1,Scheduled
932,12,117,111,2026-10-25 05:16:13.961382,1,Scheduled
933,12,117,120,2026-10-16 12:12:38.470243,2,Scheduled
934,12,117,115,2026-10-24 12:35:53.856743,4,Scheduled
935,12,117,114,2027-10-12 19:46:33.900176,2,Scheduled
936,12,117,118,2026-10-27 02:24:16.572083,1,Scheduled
937,12,118,114,2026-10-31 07:33:56.992481,1,Scheduled
938,12,118,115,2026-10-23 01:44:02.115212,5,Scheduled
939,12,118,119,2027-10-20 06:07:59.700428,2,Scheduled
940,12,118,115,2026-10-05 23:35:23.320827,2,Scheduled
941,12,118,116,2026-10-08 20:49:58.174770,2,Scheduled
942,12,118,114,2027-10-03 06:23:29.915009,1,Scheduled
943,12,118,115,2027-10-22 02:03:18.286313,2,Scheduled
944,12,118,116,2026-10-27 05:49:25.005655,5,Scheduled
945,12,119,118,2027-10-20 13:26:42.831564,4,Scheduled
946,12,119,112,2027-10-05 19:14:57.211771,1,Scheduled
947,12,119,115,2026-10-31 16:21:53.929646,1,Scheduled
948,12,119,118,2027-10-14 05:52:17.179909,4,Scheduled
949,12,119,113,2026-10-21 23:21:24.603876,5,Scheduled
950,12,119,118,2026-10-20 12:26:32.560732,3,Scheduled
951,12,119,118,2027-10-04 20:33:18.400456,5,Scheduled
952,12,119,111,2027-10-20 03:21:26.937177,4,Scheduled
953,12,120,119,2026-10-08 18:34:17.601003,3,Scheduled
954,12,120,119,2027-10-10 09:15:25.720966,4,Scheduled
955,12,120,111,2026-10-29 04:50:48.308192,1,Scheduled
956,12,120,117,2027-10-25 16:19:19.144921,1,Scheduled
957,12,120,116,2027-10-30 15:55:05.303429,4,Scheduled
958,12,120,119,2026-10-28 08:59:44.683550,1,Scheduled
959,12,120,119,2027-10-23 12:09:59.248047,4,Scheduled
960,12,120,113,2027-10-17 16:31:16.370564,3,Scheduled
961,13,121,125,2026-10-03 17:01:52.543330,4,Scheduled
962,13,121,124,2026-10-27 08:55:29.943647,3,Scheduled
963,13,121,129,2026-10-06 06:16:38.482333,4,Scheduled
964,13,121,126,2026-10-29 12:17:05.714565,4,Scheduled
965,13,121,126,2026-10-19 01:22:30.352079,5,Scheduled
966,13,121,130,2026-10-16 06:40:33.090193,3,Scheduled
967,13,121,122,2026-10-08 15:04:53.258516,3,Scheduled
968,13,121,122,2026-10-01 15:59:10.390661,2,Scheduled
969,13,122,127,2027-10-01 06:48:35.725633,2,Scheduled
970,13,122,125,2026-10-18 21:42:51.733100,2,Scheduled
971,13,122,123,2026-10-15 23:47:51.183655,3,Scheduled
972,13,122,127,2026-10-21 06:48:27.047978,1,Scheduled
973,13,122,123,2026-10-01 21:21:17.113588,3,Scheduled
974,13,122,123,2026-10-05 20:47:40.477674,4,Scheduled
975,13,122,125,2026-10-31 18:40:18.677077,4,Scheduled
976,13,122,128,2026-10-21 23:21:56.202401,5,Scheduled
977,13,123,127,2026-10-05 06:45:43.437845,3,Scheduled
978,13,123,129,2026-10-13 21:02:18.242119,2,Scheduled
979,13,123,129,2026-10-28 20:25:54.178706,1,Scheduled
980,13,123,122,2026-10-29 12:49:41.773014,3,Scheduled
981,13,123,126,2026-10-13 06:53:36.523770,4,Scheduled
982,13,123,124,2026-10-10 20:10:57.436719,3,Scheduled
983,13,123,125,2026-10-05 13:32:51.390455,1,Scheduled
984,13,123,124,2026-10-29 02:29:10.647054,2,Scheduled
985,13,124,129,2026-10-01 01:11:55.712069,2,Scheduled
986,13,124,125,2026-10-16 09:32:35.380230,2,Scheduled
987,13,124,121,2026-10-05 18:48:08.752199,3,Scheduled
988,13,124,122,2026-10-25 08:35:17.758141,5,Scheduled
989,13,124,121,2026-10-22 03:30:32.525908,5,Scheduled
990,13,124,128,2026-10-10 03:02:21.300486,2,Scheduled
991,13,124,129,2026-10-04 06:49:33.561437,3,Scheduled
992,13,124,125,2026-10-15 22:22:16.640685,4,Scheduled
993,13,125,126,2026-10-17 02:52:43.792516,2,Scheduled
994,13,125,129,2026-10-23 11:10:39.275326,2,Scheduled
995,13,125,127,2026-10-29 19:58:24.705424,4,Scheduled
996,13,125,121,2026-10-23 12:53:58.887186,2,Scheduled
997,13,125,123,2026-10-02 05:52:50.628289,3,Scheduled
998,13,125,123,2027-10-20 20:24:53.915330,1,Scheduled
999,13,125,127,2026-10-17 15:43:59.833055,4,Scheduled
1000,13,125,127,2026-10-22 18:31:32.783429,5,Scheduled
1001,13,126,128,2026-10-20 01:26:40.038016,5,Scheduled
1002,13,126,121,2026-10-09 19:06:18.968211,1,Scheduled
1003,13,126,127,2026-10-03 07:20:53.285897,3,Scheduled
1004,13,126,123,2026-10-30 12:35:54.435338,4,Scheduled
1005,13,126,129,2026-10-18 22:07:05.859596,3,Scheduled
1006,13,126,122,2026-10-18 10:01:46.083157,5,Scheduled
1007,13,126,124,2026-10-22 06:17:59.870952,4,Scheduled
1008,13,126,130,2026-10-05 10:03:34.656486,3,Scheduled
1009,13,127,128,2026-10-02 14:49:41.876092,4,Scheduled
1010,13,127,121,2026-10-13 18:45:08.142001,1,Scheduled
1011,13,127,129,2026-10-06 13:13:15.996343,1,Scheduled
1012,13,127,130,2026-10-06 10:23:39.807842,1,Scheduled
1013,13,127,126,2026-10-24 22:26:47.775357,4,Scheduled
1014,13,127,129,2026-10-23 07:39:06.805113,2,Scheduled
1015,13,127,128,2026-10-28 01:17:06.930816,4,Scheduled
1016,13,127,121,2026-10-04 06:54:16.651485,2,Scheduled
1017,13,128,129,2026-10-10 07:10:18.574063,3,Scheduled
1018,13,128,122,2026-10-04 16:39:01.403840,4,Scheduled
1019,13,128,124,2026-10-18 21:38:08.997084,4,Scheduled
1020,13,128,125,2026-10-13 21:17:42.290618,5,Scheduled
1021,13,128,127,2026-10-13 15:15:11.464350,1,Scheduled
1022,13,128,124,2026-10-09 23:15:07.952112,4,Scheduled
1023,13,128,123,2026-10-25 22:23:11.702703,2,Scheduled
1024,13,128,127,2026-10-20 01:31:32.768691,2,Scheduled
1025,13,129,124,2026-10-30 18:54:04.546040,2,Scheduled
1026,13,129,122,2026-10-27 06:17:55.724318,2,Scheduled
1027,13,129,123,2026-10-14 15:22:46.395514,2,Scheduled
1028,13,129,130,2026-10-09 12:14:22.914737,4,Scheduled
1029,13,129,121,2026-10-12 15:20:40.127334,3,Scheduled
1030,13,129,121,2026-10-08 09:56:29.124665,5,Scheduled
1031,13,129,122,2026-10-11 09:09:55.609460,3,Scheduled
1032,13,129,126,2026-10-02 10:32:09.771819,2,Scheduled
1033,13,130,126,2026-10-09 16:14:04.767619,3,Scheduled
1034,13,130,123,2026-10-18 11:29:13.740503,2,Scheduled
1035,13,130,129,2026-10-27 05:58:23.936285,3,Scheduled
1036,13,130,122,2027-10-02 22:07:29.331402,2,Scheduled
1037,13,130,127,2026-10-04 20:36:05.677119,4,Scheduled
1038,13,130,123,2026-10-26 15:13:05.079908,5,Scheduled
1039,13,130,126,2026-10-06 12:57:36.136388,1,Scheduled
1040,13,130,124,2026-10-21 14:08:19.034526,4,Scheduled
1041,14,131,137,2026-10-14 00:48:53.599578,2,Scheduled
1042,14,131,140,2025-10-13 11:53:48.747613,4,Scheduled
1043,14,131,133,2027-10-18 15:56:05.721702,5,Scheduled
1044,14,131,135,2025-10-12 10:34:26.558619,3,Scheduled
1045,14,131,138,2027-10-09 02:25:09.809555,2,Scheduled
1046,14,131,133,2025-10-10 03:22:04.135079,3,Scheduled
1047,14,131,138,2026-10-18 15:37:44.910381,1,Scheduled
1048,14,131,137,2025-10-02 05:36:45.740899,3,Scheduled
1049,14,132,138,2027-10-11 23:03:16.811633,5,Scheduled
1050,14,132,135,2026-10-21 23:44:40.872695,1,Scheduled
1051,14,132,137,2026-10-16 05:15:59.585204,4,Scheduled
1052,14,132,138,2027-10-11 12:55:53.918860,1,Scheduled
1053,14,132,140,2026-10-14 06:14:48.453038,3,Scheduled
1054,14,132,133,2025-10-25 13:30:36.396304,2,Scheduled
1055,14,132,134,2025-10-22 13:22:59.356395,3,Scheduled
1056,14,132,137,2027-10-16 21:59:50.921160,5,Scheduled
1057,14,133,131,2026-10-22 05:20:50.145487,1,Scheduled
1058,14,133,135,2027-10-06 04:16:38.863381,4,Scheduled
1059,14,133,131,2027-10-05 04:51:34.821043,3,Scheduled
1060,14,133,134,2026-10-22 02:28:24.334394,4,Scheduled
1061,14,133,140,2027-10-11 13:45:42.176999,4,Scheduled
1062,14,133,134,2027-10-21 02:37:07.257443,5,Scheduled
1063,14,133,138,2027-10-12 23:29:48.608270,1,Scheduled
1064,14,133,137,2026-10-03 18:14:04.197086,2,Scheduled
1065,14,134,138,2027-10-27 18:23:25.205491,2,Scheduled
1066,14,134,135,2027-10-23 22:46:20.615735,5,Scheduled
1067,14,134,133,2026-10-12 19:43:32.949739,5,Scheduled
1068,14,134,133,2026-10-21 19:39:01.262887,3,Scheduled
1069,14,134,133,2025-10-08 02:59:02.630564,3,Scheduled
1070,14,134,135,2026-10-19 21:33:10.183296,4,Scheduled
1071,14,134,131,2026-10-11 19:15:32.791368,4,Scheduled
1072,14,134,132,2027-10-03 06:23:35.614436,4,Scheduled
1073,14,135,134,2025-10-23 09:13:40.599285,1,Scheduled
1074,14,135,137,2025-10-20 20:07:10.620182,1,Scheduled
1075,14,135,134,2026-10-20 02:13:37.656076,1,Scheduled
1076,14,135,134,2025-10-24 18:06:09.948002,4,Scheduled
1077,14,135,136,2027-10-27 09:12:57.201654,5,Scheduled
1078,14,135,134,2025-10-28 07:10:53.618860,3,Scheduled
1079,14,135,137,2026-10-31 11:29:38.053696,5,Scheduled
1080,14,135,131,2025-10-23 08:48:03.871059,1,Scheduled
1081,14,136,137,2027-10-30 21:51:26.225797,1,Scheduled
1082,14,136,140,2025-10-17 11:01:09.146888,3,Scheduled
1083,14,136,133,2025-10-30 09:15:23.772192,2,Scheduled
1084,14,136,133,2026-10-20 09:21:23.453426,2,Scheduled
1085,14,136,139,2025-10-05 16:21:40.679319,1,Scheduled
1086,14,136,135,2026-10-10 21:40:30.184877,5,Scheduled
1087,14,136,131,2026-10-10 14:14:47.174348,2,Scheduled
1088,14,136,134,2026-10-12 00:34:37.742415,2,Scheduled
1089,14,137,136,2027-10-06 06:02:32.489281,5,Scheduled
1090,14,137,131,2026-10-05 08:36:00.048103,3,Scheduled
1091,14,137,132,2025-10-06 07:22:54.407073,3,Scheduled
1092,14,137,136,2025-10-20 14:19:58.118746,3,Scheduled
1093,14,137,134,2026-10-26 11:06:13.321150,1,Scheduled
1094,14,137,135,2027-10-24 13:38:11.337251,2,Scheduled
1095,14,137,138,2026-10-11 23:06:20.134556,1,Scheduled
1096,14,137,140,2027-10-18 08:46:10.228313,4,Scheduled
1097,14,138,135,2026-10-26 07:56:53.615415,3,Scheduled
1098,14,138,136,2027-10-05 08:36:40.638841,4,Scheduled
1099,14,138,139,2026-10-07 14:38:09.767688,1,Scheduled
1100,14,138,131,2025-10-06 22:39:38.800071,2,Scheduled
1101,14,138,131,2025-10-30 01:03:12.584751,3,Scheduled
1102,14,138,137,2026-10-02 15:17:24.969995,5,Scheduled
1103,14,138,140,2025-10-09 09:02:31.793312,4,Scheduled
1104,14,138,139,2026-10-01 21:57:07.015081,5,Scheduled
1105,14,139,135,2025-10-18 04:04:47.684398,1,Scheduled
1106,14,139,133,2027-10-11 00:59:28.345419,5,Scheduled
1107,14,139,133,2025-10-04 13:51:40.633390,4,Scheduled
1108,14,139,140,2025-10-16 10:05:55.384522,2,Scheduled
1109,14,139,137,2026-10-01 08:08:31.201118,3,Scheduled
1110,14,139,136,2025-10-20 09:20:49.230658,5,Scheduled
1111,14,139,138,2026-10-24 02:24:00.412123,1,Scheduled
1112,14,139,133,2027-10-24 05:17:23.428706,2,Scheduled
1113,14,140,137,2025-10-09 07:13:18.575732,5,Scheduled
1114,14,140,136,2025-10-29 23:39:07.521267,5,Scheduled
1115,14,140,139,2026-10-26 04:04:55.635042,3,Scheduled
1116,14,140,136,2025-10-03 08:49:01.812262,1,Scheduled
1117,14,140,133,2025-10-22 01:39:21.642437,1,Scheduled
1118,14,140,137,2027-10-31 13:36:05.340739,4,Scheduled
1119,14,140,131,2026-10-14 15:50:37.866645,2,Scheduled
1120,14,140,131,2026-10-16 08:56:11.539288,2,Scheduled
1121,15,141,148,2027-10-06 09:32:08.884547,2,Scheduled
1122,15,141,145,2026-10-12 22:21:35.796192,1,Scheduled
1123,15,141,144,2026-10-10 04:26:27.793761,5,Scheduled
1124,15,141,150,2026-10-27 07:43:49.324633,5,Scheduled
1125,15,141,145,2027-10-07 16:43:39.573828,2,Scheduled
1126,15,141,144,2026-10-28 06:19:56.131554,3,Scheduled
1127,15,141,150,2026-10-07 13:43:41.407422,1,Scheduled
1128,15,141,149,2027-10-11 21:18:49.140754,5,Scheduled
1129,15,142,148,2027-10-18 04:07:25.173118,5,Scheduled
1130,15,142,147,2026-10-23 01:36:02.304278,5,Scheduled
1131,15,142,147,2026-10-26 06:17:42.965440,2,Scheduled
1132,15,142,149,2026-10-16 05:39:52.387686,3,Scheduled
1133,15,142,149,2026-10-19 23:01:58.174135,2,Scheduled
1134,15,142,149,2026-10-16 19:13:34.666392,3,Scheduled
1135,15,142,145,2026-10-22 08:15:03.507732,2,Scheduled
1136,15,142,144,2026-10-08 10:44:12.366082,3,Scheduled
1137,15,143,149,2027-10-05 00:35:33.708689,4,Scheduled
1138,15,143,147,2026-10-25 23:56:29.559728,5,Scheduled
1139,15,143,144,2026-10-20 04:59:15.900880,1,Scheduled
1140,15,143,148,2026-10-26 20:34:50.638807,1,Scheduled
1141,15,143,144,2026-10-18 13:35:10.557590,2,Scheduled
1142,15,143,146,2026-10-27 09:05:15.302655,3,Scheduled
1143,15,143,149,2027-10-05 19:07:21.012444,2,Scheduled
1144,15,143,149,2027-10-08 03:14:29.260259,1,Scheduled
1145,15,144,149,2026-10-26 10:07:00.635158,3,Scheduled
1146,15,144,143,2027-10-28 17:39:02.197418,1,Scheduled
1147,15,144,145,2026-10-09 05:51:25.893519,2,Scheduled
1148,15,144,142,2026-10-14 10:24:47.788853,2,Scheduled
1149,15,144,142,2027-10-25 02:39:03.941126,3,Scheduled
1150,15,144,146,2027-10-08 07:41:32.699235,2,Scheduled
1151,15,144,150,2026-10-27 16:51:01.682049,3,Scheduled
1152,15,144,149,2027-10-16 11:15:44.845476,3,Scheduled
1153,15,145,146,2026-10-12 19:21:17.588551,4,Scheduled
1154,15,145,141,2026-10-13 18:45:29.831312,3,Scheduled
1155,15,145,144,2026-10-20 01:40:34.781832,1,Scheduled
1156,15,145,148,2026-10-19 17:40:11.378531,5,Scheduled
1157,15,145,143,2027-10-28 04:03:06.747032,3,Scheduled
1158,15,145,149,2026-10-01 17:09:14.291531,5,Scheduled
1159,15,145,142,2026-10-26 20:44:24.392731,3,Scheduled
1160,15,145,143,2027-10-11 21:56:03.211112,5,Scheduled
1161,15,146,143,2026-10-29 02:58:54.536052,2,Scheduled
1162,15,146,143,2026-10-30 12:11:52.585295,3,Scheduled
1163,15,146,143,2027-10-26 00:05:17.078783,5,Scheduled
1164,15,146,141,2026-10-16 13:25:50.370883,3,Scheduled
1165,15,146,142,2026-10-31 12:46:00.828428,5,Scheduled
1166,15,146,142,2027-10-04 02:45:29.074859,3,Scheduled
1167,15,146,141,2027-10-20 06:13:51.263031,1,Scheduled
1168,15,146,150,2027-10-15 06:15:38.020757,5,Scheduled
1169,15,147,150,2026-10-21 22:43:01.751664,5,Scheduled
1170,15,147,144,2026-10-27 12:16:00.891954,4,Scheduled
1171,15,147,146,2026-10-17 23:07:04.090304,4,Scheduled
1172,15,147,150,2026-10-09 23:59:17.734706,4,Scheduled
1173,15,147,144,2026-10-20 12:10:44.791458,3,Scheduled
1174,15,147,146,2026-10-15 06:41:00.243706,3,Scheduled
1175,15,147,142,2026-10-26 01:33:10.117815,3,Scheduled
1176,15,147,144,2027-10-10 18:38:40.101658,1,Scheduled
1177,15,148,146,2026-10-06 09:17:08.251036,2,Scheduled
1178,15,148,143,2026-10-02 04:39:17.905380,2,Scheduled
1179,15,148,150,2026-10-12 18:43:56.110950,2,Scheduled
1180,15,148,146,2026-10-07 14:38:52.707457,4,Scheduled
1181,15,148,146,2026-10-12 20:34:28.944029,2,Scheduled
1182,15,148,142,2027-10-03 22:16:54.535180,2,Scheduled
1183,15,148,147,2027-10-24 10:04:14.532511,1,Scheduled
1184,15,148,146,2027-10-07 21:52:57.538508,4,Scheduled
1185,15,149,145,2027-10-12 12:38:47.993108,4,Scheduled
1186,15,149,147,2027-10-11 21:31:05.139359,5,Scheduled
1187,15,149,143,2027-10-17 14:33:02.793595,2,Scheduled
1188,15,149,145,2026-10-13 07:43:55.466523,3,Scheduled
1189,15,149,148,2027-10-17 11:49:29.838719,2,Scheduled
1190,15,149,141,2026-10-08 12:58:30.253672,5,Scheduled
1191,15,149,147,2026-10-16 20:50:44.705948,4,Scheduled
1192,15,149,144,2026-10-13 10:17:05.555871,2,Scheduled
1193,15,150,142,2026-10-09 09:28:18.863187,3,Scheduled
1194,15,150,145,2026-10-04 11:47:51.014474,1,Scheduled
1195,15,150,142,2026-10-19 15:52:19.447412,4,Scheduled
1196,15,150,141,2026-10-24 10:33:10.483994,2,Scheduled
1197,15,150,145,2026-10-07 11:35:12.310467,3,Scheduled
1198,15,150,141,2026-10-24 11:05:46.978460,2,Scheduled
1199,15,150,146,2027-10-19 19:45:17.152347,1,Scheduled
1200,15,150,144,2026-10-18 00:22:33.105775,1,Scheduled
1201,16,151,159,2027-10-15 15:38:23.368072,1,Scheduled
1202,16,151,153,2026-10-04 03:04:08.586965,4,Scheduled
1203,16,151,156,2026-10-30 12:06:47.781739,4,Scheduled
1204,16,151,152,2026-10-24 05:11:34.266026,5,Scheduled
1205,16,151,158,2026-10-03 19:40:52.414083,5,Scheduled
1206,16,151,156,2027-10-27 06:28:58.134008,3,Scheduled
1207,16,151,152,2027-10-25 16:11:56.445945,2,Scheduled
1208,16,151,154,2026-10-28 08:38:26.902233,2,Scheduled
1209,16,152,156,2027-10-16 03:56:58.754347,2,Scheduled
1210,16,152,154,2027-10-25 00:37:59.386353,3,Scheduled
1211,16,152,154,2026-10-27 14:27:12.364341,5,Scheduled
1212,16,152,159,2027-10-07 20:38:38.851599,4,Scheduled
1213,16,152,157,2027-10-15 03:23:55.331815,2,Scheduled
1214,16,152,151,2027-10-18 11:41:15.861359,1,Scheduled
1215,16,152,155,2026-10-15 12:11:27.532231,3,Scheduled
1216,16,152,157,2026-10-13 12:13:14.345113,5,Scheduled
1217,16,153,157,2026-10-15 10:50:35.363358,4,Scheduled
1218,16,153,152,2027-10-21 11:31:22.139560,1,Scheduled
1219,16,153,160,2027-10-08 22:39:11.353167,4,Scheduled
1220,16,153,154,2027-10-11 15:20:09.138825,4,Scheduled
1221,16,153,158,2027-10-15 06:25:36.749179,4,Scheduled
1222,16,153,151,2027-10-13 19:11:50.825896,5,Scheduled
1223,16,153,154,2026-10-21 17:30:11.358490,1,Scheduled
1224,16,153,152,2026-10-27 04:43:49.517475,3,Scheduled
1225,16,154,160,2027-10-20 19:10:03.790510,4,Scheduled
1226,16,154,157,2027-10-10 05:20:52.609975,1,Scheduled
1227,16,154,152,2027-10-19 00:34:36.462681,4,Scheduled
1228,16,154,152,2027-10-05 05:13:32.985987,3,Scheduled
1229,16,154,155,2026-10-03 12:35:10.429499,2,Scheduled
1230,16,154,151,2027-10-17 21:32:48.524975,5,Scheduled
1231,16,154,157,2027-10-12 07:16:32.877068,2,Scheduled
1232,16,154,156,2027-10-24 02:56:35.919101,4,Scheduled
1233,16,155,157,2026-10-12 18:06:46.527761,3,Scheduled
1234,16,155,153,2026-10-30 06:33:28.410662,5,Scheduled
1235,16,155,160,2027-10-24 00:37:23.279292,2,Scheduled
1236,16,155,160,2026-10-12 02:33:17.334053,3,Scheduled
1237,16,155,154,2027-10-08 14:55:52.535208,5,Scheduled
1238,16,155,160,2027-10-21 13:20:32.890563,3,Scheduled
1239,16,155,151,2026-10-18 05:57:15.167143,3,Scheduled
1240,16,155,156,2027-10-20 01:37:25.680896,1,Scheduled
1241,16,156,151,2027-10-07 04:23:00.182505,2,Scheduled
1242,16,156,158,2027-10-03 22:53:54.418590,4,Scheduled
1243,16,156,157,2027-10-17 00:04:12.547709,1,Scheduled
1244,16,156,159,2026-10-05 16:15:40.990600,2,Scheduled
1245,16,156,155,2027-10-11 19:16:25.557175,4,Scheduled
1246,16,156,159,2026-10-23 10:40:20.489379,3,Scheduled
1247,16,156,155,2027-10-05 16:18:39.432319,2,Scheduled
1248,16,156,153,2026-10-02 00:04:07.843434,2,Scheduled
1249,16,157,155,2026-10-30 14:36:37.942079,4,Scheduled
1250,16,157,159,2026-10-05 15:28:53.521217,4,Scheduled
1251,16,157,154,2026-10-26 06:37:22.857206,4,Scheduled
1252,16,157,159,2026-10-10 12:19:40.691223,2,Scheduled
1253,16,157,155,2027-10-04 03:27:37.660795,2,Scheduled
1254,16,157,154,2026-10-11 17:47:32.640616,3,Scheduled
1255,16,157,154,2026-10-12 05:40:48.681480,2,Scheduled
1256,16,157,154,2026-10-19 14:43:28.789219,5,Scheduled
1257,16,158,155,2027-10-23 17:39:01.902165,4,Scheduled
1258,16,158,153,2026-10-08 08:08:49.646133,2,Scheduled
1259,16,158,152,2026-10-12 01:04:49.339296,1,Scheduled
1260,16,158,151,2026-10-26 20:22:35.805219,5,Scheduled
1261,16,158,152,2026-10-09 02:41:48.932340,4,Scheduled
1262,16,158,154,2026-10-21 04:35:45.211722,5,Scheduled
1263,16,158,157,2027-10-23 02:28:22.057324,3,Scheduled
1264,16,158,157,2026-10-10 01:10:19.831982,5,Scheduled
1265,16,159,158,2026-10-20 13:55:23.984378,2,Scheduled
1266,16,159,158,2027-10-02 14:00:08.401114,3,Scheduled
1267,16,159,156,2026-10-09 13:19:55.091280,1,Scheduled
1268,16,159,155,2027-10-10 03:13:41.393327,3,Scheduled
1269,16,159,155,2026-10-04 18:58:37.758998,2,Scheduled
1270,16,159,158,2026-10-16 10:28:02.658417,2,Scheduled
1271,16,159,153,2027-10-04 17:12:45.659828,2,Scheduled
1272,16,159,160,2027-10-17 09:30:59.309742,1,Scheduled
1273,16,160,154,2026-10-13 08:38:35.809327,1,Scheduled
1274,16,160,154,2026-10-19 23:51:50.803498,1,Scheduled
1275,16,160,157,2027-10-13 11:38:19.384264,1,Scheduled
1276,16,160,155,2026-10-20 20:52:32.960447,1,Scheduled
1277,16,160,155,2025-10-26 13:11:21.772377,4,Scheduled
1278,16,160,155,2026-10-03 03:00:13.423679,2,Scheduled
1279,16,160,153,2027-10-01 07:27:44.489932,4,Scheduled
1280,16,160,159,2026-10-06 06:37:25.093114,2,Scheduled
1281,17,161,170,2027-10-12 11:40:14.705688,1,Scheduled
1282,17,161,165,2025-10-28 13:27:22.256463,2,Scheduled
1283,17,161,168,2026-10-16 22:02:54.479175,2,Scheduled
1284,17,161,163,2025-10-06 16:59:50.886574,4,Scheduled
1285,17,161,165,2026-10-21 02:04:33.031291,2,Scheduled
1286,17,161,162,2026-10-02 06:24:44.151637,4,Scheduled
1287,17,161,162,2026-10-18 16:48:12.800572,4,Scheduled
1288,17,161,166,2026-10-16 14:42:11.983786,4,Scheduled
1289,17,162,161,2025-10-03 09:39:49.293840,3,Scheduled
1290,17,162,168,2026-10-23 07:20:44.000455,5,Scheduled
1291,17,162,170,2026-10-07 18:19:01.121984,2,Scheduled
1292,17,162,164,2025-10-21 13:07:35.227595,4,Scheduled
1293,17,162,163,2026-10-22 21:44:22.948517,2,Scheduled
1294,17,162,167,2026-10-25 22:53:30.467252,3,Scheduled
1295,17,162,163,2026-10-25 18:24:25.300671,3,Scheduled
1296,17,162,169,2025-10-11 04:11:59.777536,2,Scheduled
1297,17,163,162,2026-10-21 09:36:53.922793,3,Scheduled
1298,17,163,168,2026-10-14 14:55:24.468378,3,Scheduled
1299,17,163,169,2027-10-09 12:31:32.977417,1,Scheduled
1300,17,163,165,2027-10-22 00:18:58.501696,5,Scheduled
1301,17,163,162,2026-10-26 16:35:38.754911,2,Scheduled
1302,17,163,168,2026-10-08 04:56:46.375904,2,Scheduled
1303,17,163,169,2026-10-18 18:48:20.953270,1,Scheduled
1304,17,163,170,2026-10-21 17:05:16.899476,1,Scheduled
1305,17,164,161,2025-10-12 05:38:17.896560,1,Scheduled
1306,17,164,165,2026-10-08 01:10:47.093863,4,Scheduled
1307,17,164,168,2027-10-17 05:45:15.537417,3,Scheduled
1308,17,164,162,2026-10-20 00:05:32.348136,5,Scheduled
1309,17,164,163,2026-10-16 14:22:50.959028,5,Scheduled
1310,17,164,165,2026-10-08 21:37:19.162893,1,Scheduled
1311,17,164,169,2025-10-19 11:31:41.341334,5,Scheduled
1312,17,164,169,2026-10-02 14:54:56.211122,3,Scheduled
1313,17,165,167,2026-10-04 16:12:31.669260,1,Scheduled
1314,17,165,170,2026-10-03 09:08:31.934344,1,Scheduled
1315,17,165,164,2026-10-22 12:40:52.912221,3,Scheduled
1316,17,165,161,2026-10-22 03:02:15.910072,3,Scheduled
1317,17,165,168,2026-10-27 16:42:29.444482,5,Scheduled
1318,17,165,167,2026-10-25 00:09:06.916351,1,Scheduled
1319,17,165,166,2026-10-28 23:57:14.451985,4,Scheduled
1320,17,165,162,2025-10-02 11:18:03.661285,5,Scheduled
1321,17,166,165,2026-10-26 17:09:40.484825,2,Scheduled
1322,17,166,161,2026-10-03 19:46:45.141484,1,Scheduled
1323,17,166,168,2026-10-28 08:56:21.684440,2,Scheduled
1324,17,166,162,2025-10-21 06:19:25.217584,4,Scheduled
1325,17,166,162,2025-10-29 22:08:23.880054,4,Scheduled
1326,17,166,170,2026-10-10 01:43:34.918666,5,Scheduled
1327,17,166,163,2027-10-12 22:11:13.374122,1,Scheduled
1328,17,166,163,2025-10-26 04:22:56.088641,4,Scheduled
1329,17,167,166,2025-10-20 02:03:23.678890,1,Scheduled
1330,17,167,162,2026-10-08 01:45:01.970830,4,Scheduled
1331,17,167,168,2027-10-12 10:05:20.448858,1,Scheduled
1332,17,167,165,2026-10-01 21:07:56.237066,2,Scheduled
1333,17,167,170,2025-10-03 08:27:36.186063,5,Scheduled
1334,17,167,161,2027-10-06 20:09:59.203270,3,Scheduled
1335,17,167,161,2026-10-19 06:36:05.821417,3,Scheduled
1336,17,167,164,2026-10-01 04:14:43.024860,3,Scheduled
1337,17,168,163,2025-10-23 05:59:09.294026,4,Scheduled
1338,17,168,169,2027-10-08 19:57:08.892947,5,Scheduled
1339,17,168,169,2026-10-15 22:21:41.596758,3,Scheduled
1340,17,168,166,2026-10-26 05:24:02.421356,1,Scheduled
1341,17,168,166,2026-10-30 01:20:00.074412,4,Scheduled
1342,17,168,169,2025-10-23 14:39:04.376631,4,Scheduled
1343,17,168,161,2026-10-19 22:45:29.605090,4,Scheduled
1344,17,168,167,2026-10-13 08:46:18.503820,3,Scheduled
1345,17,169,163,2026-10-13 17:49:17.347807,1,Scheduled
1346,17,169,165,2027-10-23 10:05:28.373102,2,Scheduled
1347,17,169,167,2026-10-31 15:09:03.254706,2,Scheduled
1348,17,169,162,2026-10-05 18:30:36.888466,1,Scheduled
1349,17,169,168,2026-10-09 04:39:34.184895,4,Scheduled
1350,17,169,162,2026-10-10 01:27:25.812457,4,Scheduled
1351,17,169,166,2026-10-20 22:54:05.568038,3,Scheduled
1352,17,169,165,2026-10-02 00:55:47.940670,2,Scheduled
1353,17,170,169,2025-10-25 16:07:53.295018,4,Scheduled
1354,17,170,164,2026-10-18 03:51:57.889013,1,Scheduled
1355,17,170,163,2026-10-06 21:29:31.160901,4,Scheduled
1356,17,170,165,2025-10-04 09:57:55.959168,1,Scheduled
1357,17,170,165,2025-10-01 19:07:13.539891,5,Scheduled
1358,17,170,164,2026-10-20 11:40:06.562378,4,Scheduled
1359,17,170,163,2026-10-03 09:07:03.618166,3,Scheduled
1360,17,170,165,2026-10-03 04:55:47.803204,1,Scheduled
1361,18,171,178,2026-10-16 02:50:27.030341,4,Scheduled
1362,18,171,179,2027-10-30 22:31:10.595116,5,Scheduled
1363,18,171,178,2027-10-21 02:36:38.466158,3,Scheduled
1364,18,171,176,2026-10-16 23:40:59.640435,3,Scheduled
1365,18,171,178,2027-10-26 05:10:36.481769,1,Scheduled
1366,18,171,174,2026-10-05 03:53:12.998917,1,Scheduled
1367,18,171,172,2027-10-28 08:41:39.174739,5,Scheduled
1368,18,171,177,2027-10-26 02:14:46.343139,3,Scheduled
1369,18,172,173,2026-10-26 14:31:06.089185,2,Scheduled
1370,18,172,175,2026-10-27 09:00:59.057537,3,Scheduled
1371,18,172,180,2027-10-16 18:07:17.705975,2,Scheduled
1372,18,172,179,2026-10-26 10:29:04.874177,4,Scheduled
1373,18,172,176,2026-10-05 03:12:02.507522,2,Scheduled
1374,18,172,171,2027-10-11 11:07:48.126893,1,Scheduled
1375,18,172,180,2026-10-14 13:58:33.628486,5,Scheduled
1376,18,172,175,2027-10-08 01:08:45.645953,3,Scheduled
1377,18,173,176,2027-10-24 03:07:30.192070,2,Scheduled
1378,18,173,171,2026-10-08 03:42:45.690357,3,Scheduled
1379,18,173,178,2027-10-12 22:09:04.474520,4,Scheduled
1380,18,173,172,2027-10-17 15:51:24.137026,4,Scheduled
1381,18,173,177,2026-10-22 21:28:52.259169,4,Scheduled
1382,18,173,177,2027-10-21 18:28:50.893386,2,Scheduled
1383,18,173,178,2026-10-14 20:24:36.505926,3,Scheduled
1384,18,173,175,2027-10-15 13:53:12.817796,2,Scheduled
1385,18,174,173,2026-10-15 20:09:45.918312,1,Scheduled
1386,18,174,180,2027-10-04 17:38:04.365983,2,Scheduled
1387,18,174,172,2026-10-27 00:53:26.025822,1,Scheduled
1388,18,174,180,2027-10-09 05:18:10.399581,5,Scheduled
1389,18,174,171,2027-10-20 17:30:31.637836,4,Scheduled
1390,18,174,172,2027-10-05 12:44:38.629617,3,Scheduled
1391,18,174,173,2026-10-28 20:44:03.796048,1,Scheduled
1392,18,174,172,2026-10-17 03:48:48.958337,4,Scheduled
1393,18,175,177,2027-10-25 16:39:24.817210,3,Scheduled
1394,18,175,178,2026-10-16 12:37:45.681439,2,Scheduled
1395,18,175,176,2026-10-15 05:22:58.700836,3,Scheduled
1396,18,175,174,2026-10-04 23:02:56.768554,1,Scheduled
1397,18,175,172,2027-10-01 18:06:26.559309,3,Scheduled
1398,18,175,180,2027-10-22 06:19:58.744091,4,Scheduled
1399,18,175,173,2027-10-23 06:56:00.384909,5,Scheduled
1400,18,175,178,2026-10-18 06:02:54.364397,5,Scheduled
1401,18,176,179,2026-10-07 05:07:48.113277,3,Scheduled
1402,18,176,179,2027-10-07 18:00:11.433336,4,Scheduled
1403,18,176,174,2026-10-20 17:24:16.662706,5,Scheduled
1404,18,176,172,2027-10-13 02:26:10.871357,5,Scheduled
1405,18,176,173,2026-10-21 00:04:46.487637,4,Scheduled
1406,18,176,180,2027-10-21 09:24:13.501391,2,Scheduled
1407,18,176,173,2026-10-20 22:29:53.400523,2,Scheduled
1408,18,176,177,2026-10-26 22:15:11.456281,2,Scheduled
1409,18,177,179,2026-10-30 06:54:59.175205,1,Scheduled
1410,18,177,176,2026-10-21 18:38:08.523692,3,Scheduled
1411,18,177,179,2026-10-29 06:55:43.808918,5,Scheduled
1412,18,177,176,2026-10-02 18:30:33.365578,3,Scheduled
1413,18,177,175,2027-10-17 06:44:41.202047,1,Scheduled
1414,18,177,179,2027-10-16 16:36:31.800237,2,Scheduled
1415,18,177,179,2026-10-27 00:05:23.219300,2,Scheduled
1416,18,177,176,2026-10-19 05:03:40.235130,5,Scheduled
1417,18,178,180,2027-10-07 03:39:04.392645,5,Scheduled
1418,18,178,174,2026-10-21 11:26:29.754805,3,Scheduled
1419,18,178,173,2027-10-18 09:02:42.865297,4,Scheduled
1420,18,178,177,2026-10-07 01:14:16.837226,1,Scheduled
1421,18,178,173,2026-10-28 01:45:30.256628,3,Scheduled
1422,18,178,174,2026-10-21 15:08:10.684827,2,Scheduled
1423,18,178,171,2026-10-02 03:12:06.739639,2,Scheduled
1424,18,178,176,2026-10-27 20:34:12.749069,4,Scheduled
1425,18,179,178,2027-10-30 13:52:43.939338,4,Scheduled
1426,18,179,175,2026-10-10 13:23:31.204402,4,Scheduled
1427,18,179,174,2027-10-11 11:43:42.385070,3,Scheduled
1428,18,179,174,2027-10-18 16:47:44.448750,1,Scheduled
1429,18,179,173,2026-10-06 12:48:39.603919,1,Scheduled
1430,18,179,176,2026-10-02 11:06:05.022872,5,Scheduled
1431,18,179,177,2027-10-05 14:34:59.990129,1,Scheduled
1432,18,179,171,2027-10-16 01:21:52.279613,3,Scheduled
1433,18,180,176,2026-10-10 20:34:29.551884,3,Scheduled
1434,18,180,174,2027-10-01 15:57:33.719287,5,Scheduled
1435,18,180,178,2027-10-15 15:43:37.766153,5,Scheduled
1436,18,180,176,2027-10-25 18:28:59.902864,3,Scheduled
1437,18,180,174,2027-10-16 18:40:42.008730,4,Scheduled
1438,18,180,175,2027-10-14 21:40:03.115441,1,Scheduled
1439,18,180,176,2026-10-14 11:10:47.577106,3,Scheduled
1440,18,180,178,2026-10-28 13:30:15.996954,4,Scheduled
1441,19,181,187,2026-10-29 04:55:13.724816,3,Scheduled
1442,19,181,187,2025-10-28 18:54:06.535110,4,Scheduled
1443,19,181,184,2025-10-25 01:53:46.461286,1,Scheduled
1444,19,181,186,2026-10-23 12:17:53.747397,1,Scheduled
1445,19,181,182,2025-10-28 06:32:16.522130,1,Scheduled
1446,19,181,185,2026-10-07 08:02:17.684471,2,Scheduled
1447,19,181,185,2026-10-18 21:00:39.620527,2,Scheduled
1448,19,181,187,2025-10-15 05:37:37.831000,2,Scheduled
1449,19,182,187,2025-10-22 16:06:24.059497,2,Scheduled
1450,19,182,189,2026-10-24 22:12:18.499531,5,Scheduled
1451,19,182,190,2025-10-06 12:55:21.828399,1,Scheduled
1452,19,182,185,2026-10-01 11:37:39.321838,4,Scheduled
1453,19,182,181,2026-10-06 02:17:02.162675,3,Scheduled
1454,19,182,188,2026-10-19 19:42:06.202956,4,Scheduled
1455,19,182,187,2026-10-08 00:19:06.843915,3,Scheduled
1456,19,182,190,2026-10-03 18:22:34.105746,1,Scheduled
1457,19,183,185,2026-10-10 06:25:32.198476,1,Scheduled
1458,19,183,186,2025-10-31 17:55:54.682948,2,Scheduled
1459,19,183,189,2026-10-20 06:13:08.117883,1,Scheduled
1460,19,183,181,2025-10-21 21:09:12.891956,4,Scheduled
1461,19,183,184,2025-10-18 17:11:42.741355,5,Scheduled
1462,19,183,184,2027-10-07 10:09:37.250879,3,Scheduled
1463,19,183,181,2025-10-08 22:41:02.341807,1,Scheduled
1464,19,183,187,2026-10-06 10:00:35.257885,1,Scheduled
1465,19,184,188,2027-10-10 11:16:19.109802,2,Scheduled
1466,19,184,190,2026-10-26 03:18:23.377491,2,Scheduled
1467,19,184,182,2026-10-31 15:33:24.852172,5,Scheduled
1468,19,184,182,2026-10-02 04:40:32.307246,4,Scheduled
1469,19,184,190,2026-10-20 00:23:52.513248,3,Scheduled
1470,19,184,182,2025-10-01 09:32:36.822072,4,Scheduled
1471,19,184,181,2026-10-30 08:46:12.985962,1,Scheduled
1472,19,184,187,2025-10-15 13:19:58.461681,4,Scheduled
1473,19,185,184,2027-10-02 07:20:24.558351,3,Scheduled
1474,19,185,186,2026-10-13 15:11:18.807898,5,Scheduled
1475,19,185,182,2026-10-18 09:18:45.052972,1,Scheduled
1476,19,185,187,2025-10-05 07:47:27.324301,1,Scheduled
1477,19,185,181,2026-10-30 21:27:43.519718,4,Scheduled
1478,19,185,189,2026-10-07 14:37:27.334175,3,Scheduled
1479,19,185,182,2027-10-29 03:11:06.575248,1,Scheduled
1480,19,185,188,2026-10-19 14:03:10.444829,4,Scheduled
1481,19,186,189,2026-10-23 07:14:27.252250,2,Scheduled
1482,19,186,184,2027-10-06 00:38:36.312299,5,Scheduled
1483,19,186,183,2027-10-27 15:18:18.499969,3,Scheduled
1484,19,186,184,2026-10-02 21:04:07.097404,1,Scheduled
1485,19,186,185,2026-10-28 10:07:07.712371,1,Scheduled
1486,19,186,182,2025-10-15 04:16:52.352656,4,Scheduled
1487,19,186,182,2026-10-05 17:53:47.950204,2,Scheduled
1488,19,186,183,2025-10-05 03:04:22.756948,2,Scheduled
1489,19,187,189,2026-10-15 10:41:46.387423,3,Scheduled
1490,19,187,183,2026-10-28 14:28:09.443885,4,Scheduled
1491,19,187,184,2025-10-15 08:55:04.455192,3,Scheduled
1492,19,187,184,2026-10-09 17:49:29.218157,2,Scheduled
1493,19,187,190,2026-10-26 21:15:43.929353,1,Scheduled
1494,19,187,186,2026-10-26 11:42:29.380229,1,Scheduled
1495,19,187,190,2025-10-30 12:59:13.686886,3,Scheduled
1496,19,187,190,2026-10-05 21:37:41.891796,1,Scheduled
1497,19,188,181,2026-10-15 06:35:28.468573,1,Scheduled
1498,19,188,183,2025-10-29 13:40:48.565698,3,Scheduled
1499,19,188,184,2026-10-06 12:45:02.262550,5,Scheduled
1500,19,188,186,2025-10-29 18:16:38.167617,4,Scheduled
1501,19,188,184,2026-10-16 21:06:40.602316,3,Scheduled
1502,19,188,184,2026-10-20 10:48:07.843199,5,Scheduled
1503,19,188,182,2027-10-18 15:28:41.687592,4,Scheduled
1504,19,188,189,2026-10-09 16:43:36.091053,3,Scheduled
1505,19,189,185,2025-10-21 22:08:03.409389,4,Scheduled
1506,19,189,181,2025-10-27 01:59:36.731003,1,Scheduled
1507,19,189,182,2026-10-21 05:04:01.912595,4,Scheduled
1508,19,189,181,2025-10-02 04:31:36.916678,4,Scheduled
1509,19,189,186,2026-10-26 09:11:11.873691,2,Scheduled
1510,19,189,186,2025-10-18 19:21:53.361853,2,Scheduled
1511,19,189,182,2026-10-08 13:59:41.398402,4,Scheduled
1512,19,189,185,2027-10-18 19:23:26.960526,1,Scheduled
1513,19,190,186,2026-10-16 18:40:24.835409,4,Scheduled
1514,19,190,182,2025-10-25 21:43:11.561279,3,Scheduled
1515,19,190,186,2026-10-24 20:28:35.636035,2,Scheduled
1516,19,190,181,2025-10-27 07:32:41.196244,1,Scheduled
1517,19,190,182,2026-10-14 08:41:10.703005,5,Scheduled
1518,19,190,185,2026-10-07 08:12:32.342837,4,Scheduled
1519,19,190,182,2026-10-10 08:48:38.918509,2,Scheduled
1520,19,190,188,2025-10-08 06:02:42.173227,3,Scheduled
1521,20,191,196,2026-10-03 10:57:17.925761,5,Scheduled
1522,20,191,195,2026-10-24 23:11:03.304794,1,Scheduled
1523,20,191,195,2027-10-07 00:32:06.081624,4,Scheduled
1524,20,191,197,2026-10-27 19:24:12.693248,5,Scheduled
1525,20,191,197,2025-10-22 05:05:09.165607,2,Scheduled
1526,20,191,197,2026-10-17 13:25:18.247892,2,Scheduled
1527,20,191,193,2025-10-05 13:23:46.806425,3,Scheduled
1528,20,191,192,2026-10-06 09:50:58.117142,4,Scheduled
1529,20,192,197,2025-10-10 00:59:43.594971,5,Scheduled
1530,20,192,191,2026-10-17 16:28:09.347920,1,Scheduled
1531,20,192,198,2026-10-13 00:28:24.779978,1,Scheduled
1532,20,192,198,2026-10-01 10:14:19.139768,4,Scheduled
1533,20,192,196,2026-10-31 09:16:25.518914,2,Scheduled
1534,20,192,191,2025-10-03 10:52:55.831646,1,Scheduled
1535,20,192,194,2025-10-03 02:56:00.395124,5,Scheduled
1536,20,192,200,2026-10-03 09:36:43.685000,5,Scheduled
1537,20,193,197,2025-10-25 09:31:36.885196,1,Scheduled
1538,20,193,194,2025-10-28 03:14:52.635381,4,Scheduled
1539,20,193,192,2026-10-01 02:43:08.260287,3,Scheduled
1540,20,193,192,2027-10-19 08:14:21.897012,1,Scheduled
1541,20,193,192,2026-10-08 05:42:44.002480,1,Scheduled
1542,20,193,199,2027-10-11 00:47:09.031017,3,Scheduled
1543,20,193,192,2026-10-26 19:41:57.112926,4,Scheduled
1544,20,193,198,2027-10-26 00:43:53.010325,2,Scheduled
1545,20,194,200,2026-10-20 18:02:19.004091,1,Scheduled
1546,20,194,198,2027-10-01 03:34:40.809126,5,Scheduled
1547,20,194,198,2026-10-18 15:34:12.455471,2,Scheduled
1548,20,194,191,2027-10-06 00:31:24.750265,2,Scheduled
1549,20,194,196,2025-10-02 06:08:32.066742,3,Scheduled
1550,20,194,193,2027-10-17 07:25:59.746535,5,Scheduled
1551,20,194,199,2027-10-15 23:00:58.949910,3,Scheduled
1552,20,194,192,2026-10-09 09:58:31.762286,5,Scheduled
1553,20,195,192,2026-10-19 22:56:16.239788,3,Scheduled
1554,20,195,198,2025-10-08 20:28:18.727041,4,Scheduled
1555,20,195,194,2026-10-12 08:07:29.031741,4,Scheduled
1556,20,195,193,2027-10-25 14:22:36.292532,2,Scheduled
1557,20,195,200,2025-10-09 02:46:29.027318,3,Scheduled
1558,20,195,197,2026-10-08 22:20:25.889424,4,Scheduled
1559,20,195,192,2026-10-05 18:10:41.440104,5,Scheduled
1560,20,195,192,2026-10-14 16:31:55.453226,5,Scheduled
1561,20,196,197,2027-10-09 01:52:32.269757,1,Scheduled
1562,20,196,194,2027-10-04 21:54:12.598610,1,Scheduled
1563,20,196,199,2027-10-02 06:09:15.851378,3,Scheduled
1564,20,196,195,2027-10-11 20:18:50.445928,1,Scheduled
1565,20,196,195,2027-10-17 07:55:05.929599,4,Scheduled
1566,20,196,191,2027-10-07 01:33:16.968263,4,Scheduled
1567,20,196,200,2027-10-08 08:48:16.731411,1,Scheduled
1568,20,196,194,2025-10-29 05:57:03.311383,3,Scheduled
1569,20,197,196,2026-10-28 08:52:54.631553,4,Scheduled
1570,20,197,192,2025-10-30 12:35:31.326293,3,Scheduled
1571,20,197,191,2027-10-01 16:44:58.456897,5,Scheduled
1572,20,197,192,2026-10-10 22:05:16.221879,3,Scheduled
1573,20,197,195,2025-10-28 20:04:22.741521,1,Scheduled
1574,20,197,194,2026-10-15 09:42:15.898796,3,Scheduled
1575,20,197,199,2026-10-02 16:56:28.475708,5,Scheduled
1576,20,197,198,2026-10-26 18:41:42.746021,3,Scheduled
1577,20,198,197,2026-10-12 12:50:45.232799,3,Scheduled
1578,20,198,200,2026-10-27 21:55:02.897253,3,Scheduled
1579,20,198,200,2026-10-18 06:09:17.846775,1,Scheduled
1580,20,198,196,2025-10-20 04:40:31.316054,2,Scheduled
1581,20,198,199,2026-10-25 16:29:19.668579,4,Scheduled
1582,20,198,199,2027-10-30 06:58:41.078065,1,Scheduled
1583,20,198,200,2026-10-15 11:46:53.779986,3,Scheduled
1584,20,198,197,2025-10-13 20:58:25.977414,5,Scheduled
1585,20,199,197,2026-10-03 19:17:22.502187,3,Scheduled
1586,20,199,196,2025-10-30 23:55:34.688070,5,Scheduled
1587,20,199,200,2026-10-21 16:08:09.756294,1,Scheduled
1588,20,199,198,2026-10-10 01:59:00.606036,1,Scheduled
1589,20,199,192,2026-10-29 00:36:28.956089,1,Scheduled
1590,20,199,192,2026-10-02 21:14:12.804175,4,Scheduled
1591,20,199,191,2025-10-22 14:30:45.575790,5,Scheduled
1592,20,199,195,2026-10-04 04:09:56.310676,1,Scheduled
1593,20,200,194,2027-10-25 09:51:34.875138,2,Scheduled
1594,20,200,193,2026-10-01 13:35:53.743026,1,Scheduled
1595,20,200,191,2025-10-11 05:46:20.345484,4,Scheduled
1596,20,200,191,2027-10-04 06:51:11.525090,4,Scheduled
1597,20,200,195,2027-10-01 20:48:54.751686,1,Scheduled
1598,20,200,198,2026-10-01 17:16:20.529568,2,Scheduled
1599,20,200,193,2025-10-22 05:22:35.876359,4,Scheduled
1600,20,200,199,2025-10-22 04:06:06.352144,3,Scheduled
